Date,Workout Name,Duration,Exercise Name,Set Order,Weight,Reps,Distance,Seconds,Notes,Workout Notes,RPE
2023-02-01 13:04:55,"Push",1h 20m,"Chest Press (Machine)",1,25.0,8,0,0,"","",
2023-02-01 13:04:55,"Push",1h 20m,"Chest Press (Machine)",2,25.0,8,0,0,,,
2023-02-01 13:04:55,"Push",1h 20m,"Chest Press (Machine)",3,25.0,8,0,0,,,
2023-02-01 13:04:55,"Push",1h 20m,"Chest Press (Machine)",4,25.0,6,0,0,,,
2023-02-01 13:04:55,"Push",1h 20m,"Lateral Raise (Dumbbell)",1,6.0,8,0,0,"",,
2023-02-01 13:04:55,"Push",1h 20m,"Chest Fly",1,45.0,8,0,0,"",,
2023-02-01 13:04:55,"Push",1h 20m,"Chest Fly",2,45.0,8,0,0,,,
2023-02-01 13:04:55,"Push",1h 20m,"Chest Fly",3,45.0,8,0,0,,,
2023-02-01 13:04:55,"Push",1h 20m,"Chest Fly",4,45.0,8,0,0,,,
2023-02-01 13:04:55,"Push",1h 20m,"Chest Fly",5,45.0,8,0,0,,,
2023-02-01 13:04:55,"Push",1h 20m,"Bench Press (Dumbbell)",1,17.5,8,0,0,"",,
2023-02-01 13:04:55,"Push",1h 20m,"Bench Press (Dumbbell)",2,17.5,8,0,0,,,
2023-02-01 13:04:55,"Push",1h 20m,"Bench Press (Dumbbell)",3,17.5,8,0,0,,,
2023-02-01 13:04:55,"Push",1h 20m,"Bench Press (Dumbbell)",4,17.5,8,0,0,,,
2023-02-01 13:04:55,"Push",1h 20m,"Triceps Extension",1,15.0,8,0,0,"",,
2023-02-01 13:04:55,"Push",1h 20m,"Triceps Extension",2,15.0,8,0,0,,,
2023-02-01 13:04:55,"Push",1h 20m,"Triceps Extension",3,15.0,8,0,0,,,
2023-02-01 13:04:55,"Push",1h 20m,"Triceps Extension",4,15.0,8,0,0,,,
2023-02-01 13:04:55,"Push",1h 20m,"Cable One Arm Push",1,5.0,12,0,0,"",,
2023-02-01 13:04:55,"Push",1h 20m,"Cable One Arm Push",2,5.0,10,0,0,,,
2023-02-01 13:04:55,"Push",1h 20m,"Cable One Arm Push",3,5.0,10,0,0,,,
2023-02-01 13:04:55,"Push",1h 20m,"Cable One Arm Push",4,5.0,10,0,0,,,
2023-02-03 13:07:23,"Legs",1h,"Seated Leg Curl (Machine)",1,40.0,10,0,0,"","",
2023-02-03 13:07:23,"Legs",1h,"Seated Leg Curl (Machine)",2,40.0,10,0,0,,,
2023-02-03 13:07:23,"Legs",1h,"Seated Leg Curl (Machine)",3,42.5,10,0,0,,,
2023-02-03 13:07:23,"Legs",1h,"Seated Leg Curl (Machine)",4,42.5,10,0,0,,,
2023-02-03 13:07:23,"Legs",1h,"Seated Leg Curl (Machine)",5,42.5,10,0,0,,,
2023-02-03 13:07:23,"Legs",1h,"Leg Extension (Machine)",1,35.0,10,0,0,"",,7.5
2023-02-03 13:07:23,"Legs",1h,"Leg Extension (Machine)",2,35.0,10,0,0,,,
2023-02-03 13:07:23,"Legs",1h,"Leg Extension (Machine)",3,35.0,10,0,0,,,
2023-02-03 13:07:23,"Legs",1h,"Leg Extension (Machine)",4,35.0,10,0,0,,,
2023-02-03 13:07:23,"Legs",1h,"Leg Extension (Machine)",5,37.5,10,0,0,,,
2023-02-03 13:07:23,"Legs",1h,"Seated Leg Press (Machine)",1,120.0,8,0,0,"",,
2023-02-03 13:07:23,"Legs",1h,"Seated Leg Press (Machine)",2,120.0,9,0,0,,,
2023-02-03 13:07:23,"Legs",1h,"Seated Leg Press (Machine)",3,120.0,9,0,0,,,
2023-02-03 13:07:23,"Legs",1h,"Seated Leg Press (Machine)",4,120.0,9,0,0,,,
2023-02-03 13:07:23,"Legs",1h,"Calf Press on Seated Leg Press",1,120.0,10,0,0,"Set to 140\n",,
2023-02-03 13:07:23,"Legs",1h,"Calf Press on Seated Leg Press",2,130.0,12,0,0,,,
2023-02-03 13:07:23,"Legs",1h,"Calf Press on Seated Leg Press",3,130.0,14,0,0,,,
2023-02-03 13:07:23,"Legs",1h,"Calf Press on Seated Leg Press",4,140.0,11,0,0,,,
2023-02-05 13:28:10,"Pull",59m,"Iso-Lateral Row (Machine)",1,35.0,8,0,0,"","",
2023-02-05 13:28:10,"Pull",59m,"Iso-Lateral Row (Machine)",2,35.0,8,0,0,,,
2023-02-05 13:28:10,"Pull",59m,"Iso-Lateral Row (Machine)",3,35.0,8,0,0,,,
2023-02-05 13:28:10,"Pull",59m,"Iso-Lateral Row (Machine)",4,35.0,8,0,0,,,
2023-02-05 13:28:10,"Pull",59m,"Reverse Fly (Machine)",1,38.0,10,0,0,"",,
2023-02-05 13:28:10,"Pull",59m,"Reverse Fly (Machine)",2,38.0,10,0,0,,,
2023-02-05 13:28:10,"Pull",59m,"Reverse Fly (Machine)",3,38.0,10,0,0,,,
2023-02-05 13:28:10,"Pull",59m,"Reverse Fly (Machine)",4,38.0,10,0,0,,,
2023-02-05 13:28:10,"Pull",59m,"Reverse Fly (Machine)",5,38.0,10,0,0,,,
2023-02-05 13:28:10,"Pull",59m,"Bent Over One Arm Row (Dumbbell)",1,18.0,8,0,0,"20 kg next Time\n",,
2023-02-05 13:28:10,"Pull",59m,"Bent Over One Arm Row (Dumbbell)",2,18.0,8,0,0,,,
2023-02-05 13:28:10,"Pull",59m,"Bent Over One Arm Row (Dumbbell)",3,18.0,10,0,0,,,
2023-02-05 13:28:10,"Pull",59m,"Bent Over One Arm Row (Dumbbell)",4,18.0,10,0,0,,,
2023-02-05 13:28:10,"Pull",59m,"Bent Over One Arm Row (Dumbbell)",5,18.0,10,0,0,,,
2023-02-05 13:28:10,"Pull",59m,"Hammer Curl (Dumbbell)",1,10.0,10,0,0,"",,
2023-02-05 13:28:10,"Pull",59m,"Hammer Curl (Dumbbell)",2,10.0,9,0,0,,,
2023-02-05 13:28:10,"Pull",59m,"Hammer Curl (Dumbbell)",3,10.0,10,0,0,,,
2023-02-05 13:28:10,"Pull",59m,"Hammer Curl (Dumbbell)",4,10.0,10,0,0,,,
2023-02-05 13:28:10,"Pull",59m,"Bicep Curl (Cable)",1,20.0,8,0,0,"",,
2023-02-05 13:28:10,"Pull",59m,"Bicep Curl (Cable)",2,20.0,8,0,0,,,
2023-02-05 13:28:10,"Pull",59m,"Bicep Curl (Cable)",3,17.5,8,0,0,,,
2023-02-05 13:28:10,"Pull",59m,"Bicep Curl (Cable)",4,17.5,8,0,0,,,
2023-02-16 16:20:37,"Legs",1h 6m,"Seated Leg Curl (Machine)",1,40.0,10,0,0,"","",
2023-02-16 16:20:37,"Legs",1h 6m,"Seated Leg Curl (Machine)",2,49.5,10,0,0,,,
2023-02-16 16:20:37,"Legs",1h 6m,"Seated Leg Curl (Machine)",3,54.5,10,0,0,,,
2023-02-16 16:20:37,"Legs",1h 6m,"Seated Leg Curl (Machine)",4,54.5,10,0,0,,,
2023-02-16 16:20:37,"Legs",1h 6m,"Seated Leg Curl (Machine)",5,54.5,10,0,0,,,
2023-02-16 16:20:37,"Legs",1h 6m,"Leg Extension (Machine)",1,39.0,10,0,0,"",,7.5
2023-02-16 16:20:37,"Legs",1h 6m,"Leg Extension (Machine)",2,49.0,10,0,0,,,
2023-02-16 16:20:37,"Legs",1h 6m,"Leg Extension (Machine)",3,49.0,10,0,0,,,
2023-02-16 16:20:37,"Legs",1h 6m,"Leg Extension (Machine)",4,58.0,10,0,0,,,
2023-02-16 16:20:37,"Legs",1h 6m,"Leg Extension (Machine)",5,58.0,10,0,0,,,
2023-02-16 16:20:37,"Legs",1h 6m,"Seated Leg Press (Machine)",1,112.0,10,0,0,"",,
2023-02-16 16:20:37,"Legs",1h 6m,"Seated Leg Press (Machine)",2,120.0,10,0,0,,,
2023-02-16 16:20:37,"Legs",1h 6m,"Seated Leg Press (Machine)",3,121.0,10,0,0,,,
2023-02-16 16:20:37,"Legs",1h 6m,"Seated Leg Press (Machine)",4,120.0,10,0,0,,,
2023-02-16 16:20:37,"Legs",1h 6m,"Glute Kickback (Machine)",1,30.0,10,0,0,"",,
2023-02-16 16:20:37,"Legs",1h 6m,"Glute Kickback (Machine)",2,30.0,10,0,0,,,
2023-02-16 16:20:37,"Legs",1h 6m,"Glute Kickback (Machine)",3,50.0,10,0,0,,,
2023-02-16 16:20:37,"Legs",1h 6m,"Glute Kickback (Machine)",4,50.0,10,0,0,,,
2023-02-18 14:18:37,"Pull",51m,"Iso-Lateral Row (Machine)",1,35.0,8,0,0,"","",
2023-02-18 14:18:37,"Pull",51m,"Iso-Lateral Row (Machine)",2,35.0,8,0,0,,,
2023-02-18 14:18:37,"Pull",51m,"Iso-Lateral Row (Machine)",3,35.0,9,0,0,,,
2023-02-18 14:18:37,"Pull",51m,"Iso-Lateral Row (Machine)",4,35.0,9,0,0,,,
2023-02-18 14:18:37,"Pull",51m,"Iso-Lateral Row (Machine)",5,35.0,9,0,0,,,
2023-02-18 14:18:37,"Pull",51m,"Reverse Fly (Machine)",1,40.5,10,0,0,"",,
2023-02-18 14:18:37,"Pull",51m,"Reverse Fly (Machine)",2,40.5,10,0,0,,,
2023-02-18 14:18:37,"Pull",51m,"Reverse Fly (Machine)",3,40.5,10,0,0,,,
2023-02-18 14:18:37,"Pull",51m,"Reverse Fly (Machine)",4,38.0,10,0,0,,,
2023-02-18 14:18:37,"Pull",51m,"Hammer Curl (Dumbbell)",1,10.0,10,0,0,"",,
2023-02-18 14:18:37,"Pull",51m,"Hammer Curl (Dumbbell)",2,10.0,10,0,0,,,
2023-02-18 14:18:37,"Pull",51m,"Hammer Curl (Dumbbell)",3,10.0,9,0,0,,,
2023-02-18 14:18:37,"Pull",51m,"Hammer Curl (Dumbbell)",4,10.0,9,0,0,,,
2023-02-18 14:18:37,"Pull",51m,"Cable One Arm Pull",1,4.5,10,0,0,"",,
2023-02-18 14:18:37,"Pull",51m,"Cable One Arm Pull",2,5.7,10,0,0,,,
2023-02-18 14:18:37,"Pull",51m,"Cable One Arm Pull",3,4.5,10,0,0,,,
2023-02-18 14:18:37,"Pull",51m,"Cable One Arm Pull",4,4.5,10,0,0,,,
2023-02-21 10:35:17,"Push",56m,"Chest Press (Machine)",1,25.0,8,0,0,"","",
2023-02-21 10:35:17,"Push",56m,"Chest Press (Machine)",2,25.0,8,0,0,,,
2023-02-21 10:35:17,"Push",56m,"Chest Press (Machine)",3,25.0,7,0,0,,,
2023-02-21 10:35:17,"Push",56m,"Chest Press (Machine)",4,25.0,7,0,0,,,
2023-02-21 10:35:17,"Push",56m,"Chest Fly",1,52.0,8,0,0,"",,
2023-02-21 10:35:17,"Push",56m,"Chest Fly",2,52.0,8,0,0,,,
2023-02-21 10:35:17,"Push",56m,"Chest Fly",3,52.0,7,0,0,,,
2023-02-21 10:35:17,"Push",56m,"Chest Fly",4,45.0,8,0,0,,,
2023-02-21 10:35:17,"Push",56m,"Chest Fly",5,45.0,6,0,0,,,
2023-02-21 10:35:17,"Push",56m,"Triceps Extension",1,17.5,10,0,0,"",,
2023-02-21 10:35:17,"Push",56m,"Triceps Extension",2,15.0,9,0,0,,,
2023-02-21 10:35:17,"Push",56m,"Triceps Extension",3,15.0,8,0,0,,,
2023-02-21 10:35:17,"Push",56m,"Triceps Extension",4,12.5,11,0,0,,,10
2023-02-21 10:35:17,"Push",56m,"Incline Bench Press (Dumbbell)",1,16.0,8,0,0,"",,
2023-02-21 10:35:17,"Push",56m,"Incline Bench Press (Dumbbell)",2,16.0,8,0,0,,,
2023-02-21 10:35:17,"Push",56m,"Incline Bench Press (Dumbbell)",3,16.0,8,0,0,,,
2023-02-21 10:35:17,"Push",56m,"Incline Bench Press (Dumbbell)",4,16.0,8,0,0,,,
2023-02-24 12:33:44,"Push",58m,"Triceps Extension",1,15.0,9,0,0,"","",
2023-02-24 12:33:44,"Push",58m,"Triceps Extension",2,15.0,8,0,0,,,
2023-02-24 12:33:44,"Push",58m,"Triceps Extension",3,15.0,8,0,0,,,
2023-02-24 12:33:44,"Push",58m,"Triceps Extension",4,12.5,11,0,0,,,10
2023-02-24 12:33:44,"Push",58m,"Bench Press (Barbell)",1,20.0,10,0,0,"",,
2023-02-24 12:33:44,"Push",58m,"Bench Press (Barbell)",2,55.0,8,0,0,,,
2023-02-24 12:33:44,"Push",58m,"Bench Press (Barbell)",3,55.0,6,0,0,,,
2023-02-24 12:33:44,"Push",58m,"Bench Press (Barbell)",4,55.0,7,0,0,,,
2023-02-24 12:33:44,"Push",58m,"Bench Press (Barbell)",5,50.0,10,0,0,,,
2023-02-24 12:33:44,"Push",58m,"Incline Bench Press (Barbell)",1,40.0,10,0,0,"",,
2023-02-24 12:33:44,"Push",58m,"Incline Bench Press (Barbell)",2,45.0,8,0,0,,,
2023-02-24 12:33:44,"Push",58m,"Incline Bench Press (Barbell)",3,45.0,5,0,0,,,
2023-02-24 12:33:44,"Push",58m,"Incline Bench Press (Barbell)",4,40.0,8,0,0,,,
2023-02-24 12:33:44,"Push",58m,"Cable Crossover",1,5.0,9,0,0,"",,
2023-02-24 12:33:44,"Push",58m,"Cable Crossover",2,5.0,9,0,0,,,
2023-02-24 12:33:44,"Push",58m,"Cable Crossover",3,5.0,8,0,0,,,
2023-03-08 06:44:42,"Legs",1h 10m,"Seated Leg Curl (Machine)",1,40.0,10,0,0,"","",
2023-03-08 06:44:42,"Legs",1h 10m,"Seated Leg Curl (Machine)",2,50.0,10,0,0,,,
2023-03-08 06:44:42,"Legs",1h 10m,"Seated Leg Curl (Machine)",3,55.0,10,0,0,,,
2023-03-08 06:44:42,"Legs",1h 10m,"Seated Leg Curl (Machine)",4,52.5,10,0,0,,,
2023-03-08 06:44:42,"Legs",1h 10m,"Seated Leg Curl (Machine)",5,52.5,10,0,0,,,
2023-03-08 06:44:42,"Legs",1h 10m,"Leg Extension (Machine)",1,35.0,10,0,0,"",,7.5
2023-03-08 06:44:42,"Legs",1h 10m,"Leg Extension (Machine)",2,40.0,10,0,0,,,
2023-03-08 06:44:42,"Legs",1h 10m,"Leg Extension (Machine)",3,40.0,10,0,0,,,
2023-03-08 06:44:42,"Legs",1h 10m,"Leg Extension (Machine)",4,45.0,9,0,0,,,
2023-03-08 06:44:42,"Legs",1h 10m,"Leg Extension (Machine)",5,45.0,10,0,0,,,
2023-03-08 06:44:42,"Legs",1h 10m,"Seated Leg Press (Machine)",1,110.0,10,0,0,"",,
2023-03-08 06:44:42,"Legs",1h 10m,"Seated Leg Press (Machine)",2,120.0,10,0,0,,,
2023-03-08 06:44:42,"Legs",1h 10m,"Seated Leg Press (Machine)",3,120.0,12,0,0,,,
2023-03-08 06:44:42,"Legs",1h 10m,"Seated Leg Press (Machine)",4,130.0,12,0,0,,,
2023-03-08 06:44:42,"Legs",1h 10m,"Seated Leg Press (Machine)",5,130.0,10,0,0,,,
2023-03-08 06:44:42,"Legs",1h 10m,"Calf Press on Seated Leg Press",1,120.0,14,0,0,"",,
2023-03-08 06:44:42,"Legs",1h 10m,"Calf Press on Seated Leg Press",2,140.0,12,0,0,,,
2023-03-08 06:44:42,"Legs",1h 10m,"Calf Press on Seated Leg Press",3,140.0,10,0,0,,,
2023-10-07 15:58:11,"Push",50m,"Chest Press (Machine)",1,40.5,12,0,0,"","",
2023-10-07 15:58:11,"Push",50m,"Chest Press (Machine)",2,40.5,12,0,0,,,
2023-10-07 15:58:11,"Push",50m,"Chest Press (Machine)",3,45.5,12,0,0,,,
2023-10-07 15:58:11,"Push",50m,"Chest Press (Machine)",4,45.5,12,0,0,,,
2023-10-07 15:58:11,"Push",50m,"Chest Fly",1,50.0,8,0,0,"",,
2023-10-07 15:58:11,"Push",50m,"Chest Fly",2,50.0,9,0,0,,,
2023-10-07 15:58:11,"Push",50m,"Chest Fly",3,50.0,8,0,0,,,
2023-10-07 15:58:11,"Push",50m,"Chest Fly",4,50.0,8,0,0,,,
2023-10-07 15:58:11,"Push",50m,"Chest Fly",5,45.0,8,0,0,,,
2023-10-07 15:58:11,"Push",50m,"Bench Press (Dumbbell)",1,16.0,8,0,0,"",,
2023-10-07 15:58:11,"Push",50m,"Bench Press (Dumbbell)",2,16.0,9,0,0,,,
2023-10-07 15:58:11,"Push",50m,"Bench Press (Dumbbell)",3,16.0,8,0,0,,,
2023-10-07 15:58:11,"Push",50m,"Bench Press (Dumbbell)",4,16.0,8,0,0,,,
2023-10-07 15:58:11,"Push",50m,"Triceps Extension",1,15.0,9,0,0,"",,
2023-10-07 15:58:11,"Push",50m,"Triceps Extension",2,15.0,8,0,0,,,
2023-10-07 15:58:11,"Push",50m,"Triceps Extension",3,12.5,9,0,0,,,
2023-10-07 15:58:11,"Push",50m,"Triceps Extension",4,12.5,8,0,0,,,10
2023-10-07 15:58:11,"Push",50m,"Triceps Extension",5,12.5,11,0,0,,,10
2023-10-07 15:58:11,"Push",50m,"Cable One Arm Push",1,4.5,12,0,0,"",,
2023-10-07 15:58:11,"Push",50m,"Cable One Arm Push",2,5.7,8,0,0,,,
2023-10-07 15:58:11,"Push",50m,"Cable One Arm Push",3,4.5,10,0,0,,,
2023-10-07 15:58:11,"Push",50m,"Cable One Arm Push",4,4.5,10,0,0,,,
2023-10-09 19:16:03,"Legs",1h 26m,"Seated Leg Curl (Machine)",1,40.0,12,0,0,"Set to 45 at start next time","",
2023-10-09 19:16:03,"Legs",1h 26m,"Seated Leg Curl (Machine)",2,50.0,11,0,0,,,
2023-10-09 19:16:03,"Legs",1h 26m,"Seated Leg Curl (Machine)",3,50.0,10,0,0,,,
2023-10-09 19:16:03,"Legs",1h 26m,"Seated Leg Curl (Machine)",4,50.0,10,0,0,,,
2023-10-09 19:16:03,"Legs",1h 26m,"Seated Leg Press (Machine)",1,95.0,12,0,0,"",,
2023-10-09 19:16:03,"Legs",1h 26m,"Seated Leg Press (Machine)",2,110.0,12,0,0,,,
2023-10-09 19:16:03,"Legs",1h 26m,"Seated Leg Press (Machine)",3,115.0,10,0,0,,,
2023-10-09 19:16:03,"Legs",1h 26m,"Seated Leg Press (Machine)",4,120.0,10,0,0,,,
2023-10-09 19:16:03,"Legs",1h 26m,"Calf Press on Seated Leg Press",1,120.0,10,0,0,"",,
2023-10-09 19:16:03,"Legs",1h 26m,"Calf Press on Seated Leg Press",2,120.0,10,0,0,,,
2023-10-09 19:16:03,"Legs",1h 26m,"Calf Press on Seated Leg Press",3,115.0,12,0,0,,,
2023-10-09 19:16:03,"Legs",1h 26m,"Back Extension",1,0.0,10,0,0,"",,
2023-10-09 19:16:03,"Legs",1h 26m,"Back Extension",2,0.0,10,0,0,,,
2023-10-09 19:16:03,"Legs",1h 26m,"Back Extension",3,0.0,10,0,0,,,
2023-10-09 19:16:03,"Legs",1h 26m,"Back Extension",4,0.0,10,0,0,,,
2023-10-09 19:16:03,"Legs",1h 26m,"Cable Hip Abduction",1,5.0,12,0,0,"",,
2023-10-09 19:16:03,"Legs",1h 26m,"Cable Hip Abduction",2,7.5,10,0,0,,,
2023-10-09 19:16:03,"Legs",1h 26m,"Cable Hip Abduction",3,7.5,10,0,0,,,
2023-10-09 19:16:03,"Legs",1h 26m,"Cable Hip Adduction",1,7.5,12,0,0,"",,
2023-10-09 19:16:03,"Legs",1h 26m,"Cable Hip Adduction",2,7.5,12,0,0,,,
2023-10-09 19:16:03,"Legs",1h 26m,"Cable Hip Adduction",3,7.5,12,0,0,,,
2023-10-11 11:23:42,"Push",51m,"Chest Press (Machine)",1,22.0,12,0,0,"","",
2023-10-11 11:23:42,"Push",51m,"Chest Press (Machine)",2,49.5,12,0,0,,,
2023-10-11 11:23:42,"Push",51m,"Chest Press (Machine)",3,55.0,12,0,0,,,
2023-10-11 11:23:42,"Push",51m,"Chest Press (Machine)",4,55.0,10,0,0,,,
2023-10-11 11:23:42,"Push",51m,"Chest Press (Machine)",5,55.0,11,0,0,,,
2023-10-11 11:23:42,"Push",51m,"Chest Fly",1,50.0,12,0,0,"",,
2023-10-11 11:23:42,"Push",51m,"Chest Fly",2,55.0,12,0,0,,,
2023-10-11 11:23:42,"Push",51m,"Chest Fly",3,55.0,8,0,0,,,
2023-10-11 11:23:42,"Push",51m,"Chest Fly",4,50.0,8,0,0,,,
2023-10-11 11:23:42,"Push",51m,"Triceps Extension",1,15.0,10,0,0,"",,
2023-10-11 11:23:42,"Push",51m,"Triceps Extension",2,15.0,10,0,0,,,
2023-10-11 11:23:42,"Push",51m,"Triceps Extension",3,15.0,9,0,0,,,
2023-10-11 11:23:42,"Push",51m,"Triceps Extension",4,15.0,8,0,0,,,10
2023-10-11 11:23:42,"Push",51m,"Cable One Arm Push",1,5.0,12,0,0,"",,
2023-10-11 11:23:42,"Push",51m,"Cable One Arm Push",2,5.0,10,0,0,,,
2023-10-11 11:23:42,"Push",51m,"Cable One Arm Push",3,5.0,10,0,0,,,
2023-10-11 11:23:42,"Push",51m,"Cable One Arm Push",4,5.0,8,0,0,,,
2023-10-17 19:38:50,"Push",58m,"Chest Fly",1,50.0,10,0,0,"","",
2023-10-17 19:38:50,"Push",58m,"Chest Fly",2,50.0,10,0,0,,,
2023-10-17 19:38:50,"Push",58m,"Chest Fly",3,55.0,10,0,0,,,
2023-10-17 19:38:50,"Push",58m,"Chest Fly",4,55.0,9,0,0,,,
2023-10-17 19:38:50,"Push",58m,"Chest Fly",5,55.0,8,0,0,,,
2023-10-17 19:38:50,"Push",58m,"Bench Press (Dumbbell)",1,14.0,9,0,0,"",,
2023-10-17 19:38:50,"Push",58m,"Bench Press (Dumbbell)",2,14.0,10,0,0,,,
2023-10-17 19:38:50,"Push",58m,"Bench Press (Dumbbell)",3,14.0,10,0,0,,,
2023-10-17 19:38:50,"Push",58m,"Bench Press (Dumbbell)",4,14.0,8,0,0,,,
2023-10-17 19:38:50,"Push",58m,"Triceps Extension",1,15.0,10,0,0,"",,
2023-10-17 19:38:50,"Push",58m,"Triceps Extension",2,17.5,8,0,0,,,
2023-10-17 19:38:50,"Push",58m,"Triceps Extension",3,15.0,10,0,0,,,
2023-10-17 19:38:50,"Push",58m,"Triceps Extension",4,15.0,10,0,0,,,10
2023-10-17 19:38:50,"Push",58m,"Triceps Extension",5,12.5,11,0,0,,,10
2023-10-17 19:38:50,"Push",58m,"Shoulder Press (Machine)",1,30.0,6,0,0,"",,
2023-10-17 19:38:50,"Push",58m,"Shoulder Press (Machine)",2,30.0,8,0,0,,,
2023-10-17 19:38:50,"Push",58m,"Shoulder Press (Machine)",3,30.0,8,0,0,,,
2023-10-17 19:38:50,"Push",58m,"Shoulder Press (Machine)",4,30.0,6,0,0,,,
2023-10-17 19:38:50,"Push",58m,"Cable Crossover",1,10.0,8,0,0,"",,
2023-10-17 19:38:50,"Push",58m,"Cable Crossover",2,10.0,9,0,0,,,
2023-10-17 19:38:50,"Push",58m,"Cable Crossover",3,10.0,8,0,0,,,
2023-10-17 19:38:50,"Push",58m,"Cable Crossover",4,7.5,12,0,0,,,
2023-10-17 19:38:50,"Push",58m,"Cable Crossover",5,7.5,12,0,0,,,
2023-10-18 12:57:31,"Pull",1h 35m,"Iso-Lateral Row (Machine)",1,35.0,12,0,0,"","",
2023-10-18 12:57:31,"Pull",1h 35m,"Iso-Lateral Row (Machine)",2,60.0,10,0,0,,,
2023-10-18 12:57:31,"Pull",1h 35m,"Iso-Lateral Row (Machine)",3,60.0,10,0,0,,,
2023-10-18 12:57:31,"Pull",1h 35m,"Iso-Lateral Row (Machine)",4,60.0,10,0,0,,,
2023-10-18 12:57:31,"Pull",1h 35m,"Iso-Lateral Row (Machine)",5,55.0,10,0,0,,,
2023-10-18 12:57:31,"Pull",1h 35m,"Reverse Fly (Machine)",1,40.5,10,0,0,"",,
2023-10-18 12:57:31,"Pull",1h 35m,"Reverse Fly (Machine)",2,40.5,10,0,0,,,
2023-10-18 12:57:31,"Pull",1h 35m,"Reverse Fly (Machine)",3,35.0,10,0,0,,,
2023-10-18 12:57:31,"Pull",1h 35m,"Hammer Curl (Dumbbell)",1,10.0,10,0,0,"",,
2023-10-18 12:57:31,"Pull",1h 35m,"Hammer Curl (Dumbbell)",2,10.0,10,0,0,,,
2023-10-18 12:57:31,"Pull",1h 35m,"Hammer Curl (Dumbbell)",3,10.0,10,0,0,,,
2023-10-18 12:57:31,"Pull",1h 35m,"Hammer Curl (Dumbbell)",4,10.0,10,0,0,,,
2023-10-18 12:57:31,"Pull",1h 35m,"Bicep Curl (Cable)",1,17.5,10,0,0,"",,
2023-10-18 12:57:31,"Pull",1h 35m,"Bicep Curl (Cable)",2,15.0,8,0,0,,,
2023-10-18 12:57:31,"Pull",1h 35m,"Bicep Curl (Cable)",3,15.0,8,0,0,,,
2023-10-18 12:57:31,"Pull",1h 35m,"Bicep Curl (Cable)",4,15.0,8,0,0,,,
2023-10-18 12:57:31,"Pull",1h 35m,"Lat Pulldown (Machine)",1,40.0,12,0,0,"",,
2023-10-18 12:57:31,"Pull",1h 35m,"Lat Pulldown (Machine)",2,60.0,10,0,0,,,
2023-10-18 12:57:31,"Pull",1h 35m,"Lat Pulldown (Machine)",3,60.0,8,0,0,,,
2023-10-18 12:57:31,"Pull",1h 35m,"Lat Pulldown (Machine)",4,60.0,8,0,0,,,
2023-10-18 12:57:31,"Pull",1h 35m,"Lat Pulldown (Machine)",5,60.0,8,0,0,,,
2023-10-25 14:23:40,"Push",1h 10m,"Chest Fly",1,50.0,10,0,0,"","",
2023-10-25 14:23:40,"Push",1h 10m,"Chest Fly",2,50.0,9,0,0,,,
2023-10-25 14:23:40,"Push",1h 10m,"Chest Fly",3,45.0,8,0,0,,,
2023-10-25 14:23:40,"Push",1h 10m,"Chest Fly",4,45.0,10,0,0,,,
2023-10-25 14:23:40,"Push",1h 10m,"Chest Fly",5,50.0,10,0,0,,,
2023-10-25 14:23:40,"Push",1h 10m,"Bench Press (Dumbbell)",1,20.0,10,0,0,"",,
2023-10-25 14:23:40,"Push",1h 10m,"Triceps Extension",1,15.0,10,0,0,"",,
2023-10-25 14:23:40,"Push",1h 10m,"Triceps Extension",2,15.0,10,0,0,,,
2023-10-25 14:23:40,"Push",1h 10m,"Triceps Extension",3,15.0,9,0,0,,,
2023-10-25 14:23:40,"Push",1h 10m,"Triceps Extension",4,15.0,8,0,0,,,10
2023-10-25 14:23:40,"Push",1h 10m,"Shoulder Press (Machine)",1,22.5,10,0,0,"",,
2023-10-25 14:23:40,"Push",1h 10m,"Shoulder Press (Machine)",2,27.5,10,0,0,,,
2023-10-25 14:23:40,"Push",1h 10m,"Shoulder Press (Machine)",3,30.0,8,0,0,,,
2023-10-25 14:23:40,"Push",1h 10m,"Shoulder Press (Machine)",4,30.0,6,0,0,,,
2023-10-25 14:23:40,"Push",1h 10m,"Bench Press (Barbell)",1,20.0,10,0,0,"",,
2023-10-25 14:23:40,"Push",1h 10m,"Bench Press (Barbell)",2,50.0,10,0,0,,,
2023-10-25 14:23:40,"Push",1h 10m,"Bench Press (Barbell)",3,50.0,6,0,0,,,
2023-10-25 14:23:40,"Push",1h 10m,"Bench Press (Barbell)",4,55.0,8,0,0,,,
2023-10-25 14:23:40,"Push",1h 10m,"Bench Press (Barbell)",5,55.0,6,0,0,,,
2023-10-27 13:49:04,"Pull",53m,"Iso-Lateral Row (Machine)",1,35.0,12,0,0,"","",
2023-10-27 13:49:04,"Pull",53m,"Iso-Lateral Row (Machine)",2,60.0,10,0,0,,,
2023-10-27 13:49:04,"Pull",53m,"Iso-Lateral Row (Machine)",3,60.0,9,0,0,,,
2023-10-27 13:49:04,"Pull",53m,"Iso-Lateral Row (Machine)",4,60.0,9,0,0,,,
2023-10-27 13:49:04,"Pull",53m,"Iso-Lateral Row (Machine)",5,60.0,9,0,0,,,
2023-10-27 13:49:04,"Pull",53m,"Reverse Fly (Machine)",1,40.5,10,0,0,"",,
2023-10-27 13:49:04,"Pull",53m,"Reverse Fly (Machine)",2,40.5,8,0,0,,,
2023-10-27 13:49:04,"Pull",53m,"Reverse Fly (Machine)",3,40.0,8,0,0,,,
2023-10-27 13:49:04,"Pull",53m,"Reverse Fly (Machine)",4,35.0,10,0,0,,,
2023-10-27 13:49:04,"Pull",53m,"Hammer Curl (Dumbbell)",1,10.0,9,0,0,"",,
2023-10-27 13:49:04,"Pull",53m,"Hammer Curl (Dumbbell)",2,10.0,8,0,0,,,
2023-10-27 13:49:04,"Pull",53m,"Hammer Curl (Dumbbell)",3,10.0,7,0,0,,,
2023-10-27 13:49:04,"Pull",53m,"Hammer Curl (Dumbbell)",4,8.0,9,0,0,,,
2023-10-27 13:49:04,"Pull",53m,"Hammer Curl (Dumbbell)",5,8.0,10,0,0,,,
2023-10-27 13:49:04,"Pull",53m,"Bicep Curl (Cable)",1,20.0,10,0,0,"",,
2023-10-27 13:49:04,"Pull",53m,"Bicep Curl (Cable)",2,20.0,14,0,0,,,
2023-10-27 13:49:04,"Pull",53m,"Bicep Curl (Cable)",3,16.0,16,0,0,,,
2023-10-27 13:49:04,"Pull",53m,"Lat Pulldown (Machine)",1,40.0,12,0,0,"",,
2023-10-27 13:49:04,"Pull",53m,"Lat Pulldown (Machine)",2,60.0,8,0,0,,,
2023-10-27 13:49:04,"Pull",53m,"Lat Pulldown (Machine)",3,50.0,10,0,0,,,
2023-10-27 13:49:04,"Pull",53m,"Lat Pulldown (Machine)",4,50.0,10,0,0,,,
2023-10-27 13:49:04,"Pull",53m,"Lat Pulldown (Machine)",5,50.0,10,0,0,,,
2023-10-30 19:40:23,"Push",59m,"Chest Fly",1,55.0,10,0,0,"","",
2023-10-30 19:40:23,"Push",59m,"Chest Fly",2,50.0,10,0,0,,,
2023-10-30 19:40:23,"Push",59m,"Chest Fly",3,50.0,8,0,0,,,
2023-10-30 19:40:23,"Push",59m,"Chest Fly",4,45.0,10,0,0,,,
2023-10-30 19:40:23,"Push",59m,"Chest Fly",5,45.0,10,0,0,,,
2023-10-30 19:40:23,"Push",59m,"Bench Press (Dumbbell)",1,16.0,10,0,0,"",,
2023-10-30 19:40:23,"Push",59m,"Bench Press (Dumbbell)",2,18.0,8,0,0,,,
2023-10-30 19:40:23,"Push",59m,"Bench Press (Dumbbell)",3,18.0,6,0,0,,,
2023-10-30 19:40:23,"Push",59m,"Bench Press (Dumbbell)",4,16.0,8,0,0,,,
2023-10-30 19:40:23,"Push",59m,"Triceps Extension",1,17.5,8,0,0,"",,
2023-10-30 19:40:23,"Push",59m,"Triceps Extension",2,15.0,10,0,0,,,
2023-10-30 19:40:23,"Push",59m,"Triceps Extension",3,15.0,10,0,0,,,
2023-10-30 19:40:23,"Push",59m,"Triceps Extension",4,15.0,8,0,0,,,10
2023-10-30 19:40:23,"Push",59m,"Shoulder Press (Machine)",1,27.5,8,0,0,"",,
2023-10-30 19:40:23,"Push",59m,"Shoulder Press (Machine)",2,27.5,9,0,0,,,
2023-10-30 19:40:23,"Push",59m,"Shoulder Press (Machine)",3,30.0,8,0,0,,,
2023-10-30 19:40:23,"Push",59m,"Shoulder Press (Machine)",4,27.5,8,0,0,,,
2023-10-30 19:40:23,"Push",59m,"Chest Press (Machine)",1,32.0,12,0,0,"",,
2023-10-30 19:40:23,"Push",59m,"Chest Press (Machine)",2,55.0,12,0,0,,,
2023-10-30 19:40:23,"Push",59m,"Chest Press (Machine)",3,60.0,12,0,0,,,
2023-10-30 19:40:23,"Push",59m,"Chest Press (Machine)",4,60.0,10,0,0,,,
2023-10-30 19:40:23,"Push",59m,"Chest Press (Machine)",5,55.0,10,0,0,,,
2023-10-30 19:40:23,"Push",59m,"Cable Crossover",1,10.0,10,0,0,"",,
2023-10-30 19:40:23,"Push",59m,"Cable Crossover",2,10.0,10,0,0,,,
2023-10-30 19:40:23,"Push",59m,"Cable Crossover",3,10.0,9,0,0,,,
2023-10-30 19:40:23,"Push",59m,"Cable Crossover",4,10.0,9,0,0,,,
2023-10-30 19:40:23,"Push",59m,"Cable Crossover",5,10.0,9,0,0,,,
2023-11-02 12:34:13,"Pull",50m,"Iso-Lateral Row (Machine)",1,40.0,10,0,0,"","",
2023-11-02 12:34:13,"Pull",50m,"Iso-Lateral Row (Machine)",2,60.0,10,0,0,,,
2023-11-02 12:34:13,"Pull",50m,"Iso-Lateral Row (Machine)",3,65.0,10,0,0,,,
2023-11-02 12:34:13,"Pull",50m,"Iso-Lateral Row (Machine)",4,65.0,10,0,0,,,
2023-11-02 12:34:13,"Pull",50m,"Iso-Lateral Row (Machine)",5,65.0,10,0,0,,,
2023-11-02 12:34:13,"Pull",50m,"Reverse Fly (Machine)",1,40.5,10,0,0,"",,
2023-11-02 12:34:13,"Pull",50m,"Reverse Fly (Machine)",2,37.5,12,0,0,,,
2023-11-02 12:34:13,"Pull",50m,"Reverse Fly (Machine)",3,40.0,8,0,0,,,
2023-11-02 12:34:13,"Pull",50m,"Reverse Fly (Machine)",4,35.0,10,0,0,,,
2023-11-02 12:34:13,"Pull",50m,"Hammer Curl (Dumbbell)",1,12.0,9,0,0,"",,
2023-11-02 12:34:13,"Pull",50m,"Hammer Curl (Dumbbell)",2,12.0,8,0,0,,,
2023-11-02 12:34:13,"Pull",50m,"Hammer Curl (Dumbbell)",3,12.0,8,0,0,,,
2023-11-02 12:34:13,"Pull",50m,"Hammer Curl (Dumbbell)",4,10.0,9,0,0,,,
2023-11-02 12:34:13,"Pull",50m,"Hammer Curl (Dumbbell)",5,10.0,8,0,0,,,
2023-11-02 12:34:13,"Pull",50m,"Lat Pulldown (Machine)",1,40.0,10,0,0,"",,
2023-11-02 12:34:13,"Pull",50m,"Lat Pulldown (Machine)",2,60.0,10,0,0,,,
2023-11-02 12:34:13,"Pull",50m,"Lat Pulldown (Machine)",3,60.0,10,0,0,,,
2023-11-02 12:34:13,"Pull",50m,"Lat Pulldown (Machine)",4,60.0,10,0,0,,,
2023-11-02 12:34:13,"Pull",50m,"Lat Pulldown (Machine)",5,60.0,10,0,0,,,
2023-11-02 12:34:13,"Pull",50m,"Incline Curl (Dumbbell)",1,8.0,6,0,0,"",,
2023-11-02 12:34:13,"Pull",50m,"Incline Curl (Dumbbell)",2,8.0,7,0,0,,,
2023-11-02 12:34:13,"Pull",50m,"Incline Curl (Dumbbell)",3,8.0,7,0,0,,,
2023-11-02 12:34:13,"Pull",50m,"Incline Curl (Dumbbell)",4,8.0,7,0,0,,,
2023-11-10 16:47:50,"Push",53m,"Bench Press (Dumbbell)",1,12.0,10,0,0,"","",
2023-11-10 16:47:50,"Push",53m,"Bench Press (Dumbbell)",2,12.0,10,0,0,,,
2023-11-10 16:47:50,"Push",53m,"Bench Press (Dumbbell)",3,14.0,10,0,0,,,
2023-11-10 16:47:50,"Push",53m,"Bench Press (Dumbbell)",4,14.0,10,0,0,,,
2023-11-10 16:47:50,"Push",53m,"Bench Press (Dumbbell)",5,14.0,10,0,0,,,
2023-11-10 16:47:50,"Push",53m,"Triceps Extension",1,15.0,12,0,0,"",,
2023-11-10 16:47:50,"Push",53m,"Triceps Extension",2,15.0,12,0,0,,,
2023-11-10 16:47:50,"Push",53m,"Triceps Extension",3,15.0,10,0,0,,,
2023-11-10 16:47:50,"Push",53m,"Triceps Extension",4,15.0,8,0,0,,,10
2023-11-10 16:47:50,"Push",53m,"Shoulder Press (Machine)",1,27.5,10,0,0,"",,
2023-11-10 16:47:50,"Push",53m,"Shoulder Press (Machine)",2,31.5,10,0,0,,,
2023-11-10 16:47:50,"Push",53m,"Shoulder Press (Machine)",3,31.5,10,0,0,,,
2023-11-10 16:47:50,"Push",53m,"Shoulder Press (Machine)",4,31.5,10,0,0,,,
2023-11-10 16:47:50,"Push",53m,"Chest Press (Machine)",1,40.0,11,0,0,"",,
2023-11-10 16:47:50,"Push",53m,"Chest Press (Machine)",2,55.0,10,0,0,,,
2023-11-10 16:47:50,"Push",53m,"Chest Press (Machine)",3,55.0,10,0,0,,,
2023-11-10 16:47:50,"Push",53m,"Chest Press (Machine)",4,55.0,10,0,0,,,
2023-11-10 16:47:50,"Push",53m,"Chest Press (Machine)",5,55.0,10,0,0,,,
2023-11-10 16:47:50,"Push",53m,"Cable One Arm Push",1,5.0,12,0,0,"",,
2023-11-10 16:47:50,"Push",53m,"Cable One Arm Push",2,7.5,10,0,0,,,
2023-11-10 16:47:50,"Push",53m,"Cable One Arm Push",3,7.5,10,0,0,,,
2023-11-10 16:47:50,"Push",53m,"Cable One Arm Push",4,7.5,8,0,0,,,
2023-11-14 20:23:18,"Pull",56m,"Iso-Lateral Row (Machine)",1,40.0,12,0,0,"","",
2023-11-14 20:23:18,"Pull",56m,"Iso-Lateral Row (Machine)",2,65.0,10,0,0,,,
2023-11-14 20:23:18,"Pull",56m,"Iso-Lateral Row (Machine)",3,60.0,10,0,0,,,
2023-11-14 20:23:18,"Pull",56m,"Iso-Lateral Row (Machine)",4,60.0,8,0,0,,,
2023-11-14 20:23:18,"Pull",56m,"Iso-Lateral Row (Machine)",5,60.0,10,0,0,,,
2023-11-14 20:23:18,"Pull",56m,"Reverse Fly (Machine)",1,38.5,10,0,0,"",,
2023-11-14 20:23:18,"Pull",56m,"Reverse Fly (Machine)",2,38.5,10,0,0,,,
2023-11-14 20:23:18,"Pull",56m,"Reverse Fly (Machine)",3,38.5,8,0,0,,,
2023-11-14 20:23:18,"Pull",56m,"Reverse Fly (Machine)",4,35.0,10,0,0,,,
2023-11-14 20:23:18,"Pull",56m,"Hammer Curl (Dumbbell)",1,10.0,10,0,0,"",,
2023-11-14 20:23:18,"Pull",56m,"Hammer Curl (Dumbbell)",2,10.0,10,0,0,,,
2023-11-14 20:23:18,"Pull",56m,"Hammer Curl (Dumbbell)",3,10.0,10,0,0,,,
2023-11-14 20:23:18,"Pull",56m,"Hammer Curl (Dumbbell)",4,10.0,8,0,0,,,
2023-11-14 20:23:18,"Pull",56m,"Hammer Curl (Dumbbell)",5,8.0,10,0,0,,,
2023-11-14 20:23:18,"Pull",56m,"Preacher Curl (Barbell)",1,15.0,12,0,0,"",,
2023-11-14 20:23:18,"Pull",56m,"Preacher Curl (Barbell)",2,20.0,10,0,0,,,
2023-11-14 20:23:18,"Pull",56m,"Preacher Curl (Barbell)",3,20.0,10,0,0,,,
2023-11-14 20:23:18,"Pull",56m,"Preacher Curl (Barbell)",4,20.0,10,0,0,,,
2023-11-14 20:23:18,"Pull",56m,"Preacher Curl (Barbell)",5,20.0,10,0,0,,,
2023-11-14 20:23:18,"Pull",56m,"Shrug (Dumbbell)",1,22.0,10,0,0,"",,
2023-11-14 20:23:18,"Pull",56m,"Shrug (Dumbbell)",2,22.0,10,0,0,,,
2023-11-14 20:23:18,"Pull",56m,"Shrug (Dumbbell)",3,22.0,10,0,0,,,
2023-11-14 20:23:18,"Pull",56m,"Shrug (Dumbbell)",4,22.0,10,0,0,,,
2023-11-16 19:21:33,"Push",59m,"Triceps Extension",1,17.5,10,0,0,"","",
2023-11-16 19:21:33,"Push",59m,"Triceps Extension",2,17.5,10,0,0,,,
2023-11-16 19:21:33,"Push",59m,"Triceps Extension",3,17.5,8,0,0,,,
2023-11-16 19:21:33,"Push",59m,"Triceps Extension",4,15.0,8,0,0,,,10
2023-11-16 19:21:33,"Push",59m,"Triceps Extension",5,12.5,8,0,0,,,10
2023-11-16 19:21:33,"Push",59m,"Chest Press (Machine)",1,30.0,10,0,0,"Hurt neck/ Upper back so taking it Slow / also other machine (poly)",,
2023-11-16 19:21:33,"Push",59m,"Chest Press (Machine)",2,40.0,8,0,0,,,
2023-11-16 19:21:33,"Push",59m,"Chest Press (Machine)",3,40.0,8,0,0,,,
2023-11-16 19:21:33,"Push",59m,"Chest Press (Machine)",4,30.0,8,0,0,,,
2023-11-16 19:21:33,"Push",59m,"Iso-Lateral Shoulder Press",1,15.0,12,0,0,"",,
2023-11-16 19:21:33,"Push",59m,"Iso-Lateral Shoulder Press",2,25.0,8,0,0,,,
2023-11-16 19:21:33,"Push",59m,"Iso-Lateral Shoulder Press",3,25.0,8,0,0,,,
2023-11-16 19:21:33,"Push",59m,"Iso-Lateral Shoulder Press",4,25.0,6,0,0,,,
2023-11-16 19:21:33,"Push",59m,"Iso-Lateral Shoulder Press",5,20.0,8,0,0,,,
2023-11-16 19:21:33,"Push",59m,"Chest Fly",1,52.0,8,0,0,"",,
2023-11-16 19:21:33,"Push",59m,"Chest Fly",2,52.0,8,0,0,,,
2023-11-16 19:21:33,"Push",59m,"Chest Fly",3,52.0,8,0,0,,,
2023-11-16 19:21:33,"Push",59m,"Chest Fly",4,45.0,10,0,0,,,
2023-11-16 19:21:33,"Push",59m,"Chest Fly",5,45.0,10,0,0,,,
2023-11-16 19:21:33,"Push",59m,"Cable One Arm Push",1,7.5,10,0,0,"",,
2023-11-16 19:21:33,"Push",59m,"Cable One Arm Push",2,7.5,10,0,0,,,
2023-11-16 19:21:33,"Push",59m,"Cable One Arm Push",3,7.5,10,0,0,,,
2023-11-16 19:21:33,"Push",59m,"Cable One Arm Push",4,7.5,8,0,0,,,
2023-11-20 18:47:08,"Pull",1h 23m,"Reverse Fly (Machine)",1,38.5,10,0,0,"","",
2023-11-20 18:47:08,"Pull",1h 23m,"Reverse Fly (Machine)",2,38.5,10,0,0,,,
2023-11-20 18:47:08,"Pull",1h 23m,"Reverse Fly (Machine)",3,38.5,8,0,0,,,
2023-11-20 18:47:08,"Pull",1h 23m,"Reverse Fly (Machine)",4,35.0,10,0,0,,,
2023-11-20 18:47:08,"Pull",1h 23m,"Shrug (Dumbbell)",1,24.0,12,0,0,"",,
2023-11-20 18:47:08,"Pull",1h 23m,"Shrug (Dumbbell)",2,24.0,10,0,0,,,
2023-11-20 18:47:08,"Pull",1h 23m,"Shrug (Dumbbell)",3,24.0,12,0,0,,,
2023-11-20 18:47:08,"Pull",1h 23m,"Shrug (Dumbbell)",4,24.0,10,0,0,,,
2023-11-20 18:47:08,"Pull",1h 23m,"Lat Pulldown (Machine)",1,55.0,10,0,0,"",,
2023-11-20 18:47:08,"Pull",1h 23m,"Lat Pulldown (Machine)",2,70.0,10,0,0,,,
2023-11-20 18:47:08,"Pull",1h 23m,"Lat Pulldown (Machine)",3,70.0,10,0,0,,,
2023-11-20 18:47:08,"Pull",1h 23m,"Lat Pulldown (Machine)",4,70.0,10,0,0,,,
2023-11-20 18:47:08,"Pull",1h 23m,"Low Row",1,67.5,10,0,0,"",,
2023-11-20 18:47:08,"Pull",1h 23m,"Low Row",2,67.5,9,0,0,,,
2023-11-20 18:47:08,"Pull",1h 23m,"Low Row",3,62.5,10,0,0,,,
2023-11-20 18:47:08,"Pull",1h 23m,"Low Row",4,60.0,10,0,0,,,
2023-11-20 18:47:08,"Pull",1h 23m,"Lateral Raise (Dumbbell)",1,7.0,10,0,0,"Biset front raise",,
2023-11-20 18:47:08,"Pull",1h 23m,"Lateral Raise (Dumbbell)",2,7.0,10,0,0,,,
2023-11-20 18:47:08,"Pull",1h 23m,"Lateral Raise (Dumbbell)",3,7.0,10,0,0,,,
2023-11-20 18:47:08,"Pull",1h 23m,"Lateral Raise (Dumbbell)",4,7.0,10,0,0,,,
2023-11-20 18:47:08,"Pull",1h 23m,"Preacher Curl (Barbell)",1,22.0,10,0,0,"",,
2023-11-20 18:47:08,"Pull",1h 23m,"Preacher Curl (Barbell)",2,22.0,10,0,0,,,
2023-11-20 18:47:08,"Pull",1h 23m,"Preacher Curl (Barbell)",3,22.0,10,0,0,,,
2023-11-20 18:47:08,"Pull",1h 23m,"Preacher Curl (Barbell)",4,20.0,10,0,0,,,
2023-11-24 19:35:39,"Push",1h 1m,"Triceps Extension",1,15.0,10,0,0,"","",
2023-11-24 19:35:39,"Push",1h 1m,"Triceps Extension",2,15.0,10,0,0,,,
2023-11-24 19:35:39,"Push",1h 1m,"Triceps Extension",3,15.0,8,0,0,,,
2023-11-24 19:35:39,"Push",1h 1m,"Triceps Extension",4,15.0,8,0,0,,,10
2023-11-24 19:35:39,"Push",1h 1m,"Chest Press (Machine)",1,40.0,10,0,0,"",,
2023-11-24 19:35:39,"Push",1h 1m,"Chest Press (Machine)",2,40.0,10,0,0,,,
2023-11-24 19:35:39,"Push",1h 1m,"Chest Press (Machine)",3,40.0,10,0,0,,,
2023-11-24 19:35:39,"Push",1h 1m,"Chest Press (Machine)",4,40.0,10,0,0,,,
2023-11-24 19:35:39,"Push",1h 1m,"Chest Press (Machine)",5,40.0,10,0,0,,,
2023-11-24 19:35:39,"Push",1h 1m,"Cable One Arm Push",1,8.75,8,0,0,"",,
2023-11-24 19:35:39,"Push",1h 1m,"Cable One Arm Push",2,8.75,10,0,0,,,
2023-11-24 19:35:39,"Push",1h 1m,"Cable One Arm Push",3,8.75,10,0,0,,,
2023-11-24 19:35:39,"Push",1h 1m,"Cable One Arm Push",4,8.75,10,0,0,,,
2023-11-24 19:35:39,"Push",1h 1m,"Cable One Arm Push",5,8.75,8,0,0,,,
2023-11-24 19:35:39,"Push",1h 1m,"Shoulder Press (Machine)",1,22.5,10,0,0,"",,
2023-11-24 19:35:39,"Push",1h 1m,"Shoulder Press (Machine)",2,36.5,10,0,0,,,
2023-11-24 19:35:39,"Push",1h 1m,"Shoulder Press (Machine)",3,36.5,10,0,0,,,
2023-11-24 19:35:39,"Push",1h 1m,"Shoulder Press (Machine)",4,36.5,10,0,0,,,
2023-11-24 19:35:39,"Push",1h 1m,"Shoulder Press (Machine)",5,36.5,8,0,0,,,
2023-11-24 19:35:39,"Push",1h 1m,"Incline Bench Press (Dumbbell)",1,16.0,10,0,0,"",,
2023-11-24 19:35:39,"Push",1h 1m,"Incline Bench Press (Dumbbell)",2,18.0,9,0,0,,,
2023-11-24 19:35:39,"Push",1h 1m,"Incline Bench Press (Dumbbell)",3,16.0,8,0,0,,,
2023-11-24 19:35:39,"Push",1h 1m,"Incline Bench Press (Dumbbell)",4,16.0,8,0,0,,,
2023-11-29 18:28:22,"Pull",1h 4m,"Shrug (Dumbbell)",1,26.0,10,0,0,"","",
2023-11-29 18:28:22,"Pull",1h 4m,"Shrug (Dumbbell)",2,26.0,10,0,0,,,
2023-11-29 18:28:22,"Pull",1h 4m,"Shrug (Dumbbell)",3,26.0,10,0,0,,,
2023-11-29 18:28:22,"Pull",1h 4m,"Shrug (Dumbbell)",4,26.0,10,0,0,,,
2023-11-29 18:28:22,"Pull",1h 4m,"Low Row",1,40.0,10,0,0,"",,
2023-11-29 18:28:22,"Pull",1h 4m,"Low Row",2,67.5,10,0,0,,,
2023-11-29 18:28:22,"Pull",1h 4m,"Low Row",3,62.5,11,0,0,,,
2023-11-29 18:28:22,"Pull",1h 4m,"Low Row",4,67.5,10,0,0,,,
2023-11-29 18:28:22,"Pull",1h 4m,"Low Row",5,67.5,10,0,0,,,
2023-11-29 18:28:22,"Pull",1h 4m,"Hammer Curl (Dumbbell)",1,12.0,8,0,0,"",,
2023-11-29 18:28:22,"Pull",1h 4m,"Hammer Curl (Dumbbell)",2,12.0,9,0,0,,,
2023-11-29 18:28:22,"Pull",1h 4m,"Hammer Curl (Dumbbell)",3,12.0,9,0,0,,,
2023-11-29 18:28:22,"Pull",1h 4m,"Hammer Curl (Dumbbell)",4,12.0,8,0,0,,,
2023-11-29 18:28:22,"Pull",1h 4m,"Hammer Curl (Dumbbell)",5,10.0,8,0,0,,,
2023-11-29 18:28:22,"Pull",1h 4m,"Bent Over One Arm Row (Dumbbell)",1,18.0,10,0,0,"",,
2023-11-29 18:28:22,"Pull",1h 4m,"Bent Over One Arm Row (Dumbbell)",2,20.0,10,0,0,,,
2023-11-29 18:28:22,"Pull",1h 4m,"Bent Over One Arm Row (Dumbbell)",3,20.0,9,0,0,,,
2023-12-01 18:19:54,"Push",1h 8m,"Triceps Extension",1,15.0,10,0,0,"","",
2023-12-01 18:19:54,"Push",1h 8m,"Triceps Extension",2,15.0,10,0,0,,,
2023-12-01 18:19:54,"Push",1h 8m,"Triceps Extension",3,15.0,10,0,0,,,
2023-12-01 18:19:54,"Push",1h 8m,"Chest Press (Machine)",1,31.5,11,0,0,"",,
2023-12-01 18:19:54,"Push",1h 8m,"Chest Press (Machine)",2,60.0,10,0,0,,,
2023-12-01 18:19:54,"Push",1h 8m,"Chest Press (Machine)",3,63.0,10,0,0,,,
2023-12-01 18:19:54,"Push",1h 8m,"Chest Press (Machine)",4,63.0,10,0,0,,,
2023-12-01 18:19:54,"Push",1h 8m,"Incline Bench Press (Barbell)",1,40.0,8,0,0,"",,
2023-12-01 18:19:54,"Push",1h 8m,"Incline Bench Press (Barbell)",2,40.0,8,0,0,,,
2023-12-01 18:19:54,"Push",1h 8m,"Incline Bench Press (Barbell)",3,40.0,8,0,0,,,
2023-12-01 18:19:54,"Push",1h 8m,"Incline Bench Press (Barbell)",4,40.0,8,0,0,,,
2023-12-01 18:19:54,"Push",1h 8m,"Cable Crossover",1,10.0,12,0,0,"",,
2023-12-01 18:19:54,"Push",1h 8m,"Cable Crossover",2,13.0,10,0,0,,,
2023-12-01 18:19:54,"Push",1h 8m,"Cable Crossover",3,12.0,10,0,0,,,
2023-12-01 18:19:54,"Push",1h 8m,"Lateral Raise (Dumbbell)",1,7.5,10,0,0,"BISET FRONT RAISE",,
2023-12-01 18:19:54,"Push",1h 8m,"Lateral Raise (Dumbbell)",2,7.0,10,0,0,,,
2023-12-01 18:19:54,"Push",1h 8m,"Lateral Raise (Dumbbell)",3,6.0,10,0,0,,,
2023-12-04 17:40:58,"Pull",49m,"Shrug (Dumbbell)",1,26.0,10,0,0,"","",
2023-12-04 17:40:58,"Pull",49m,"Shrug (Dumbbell)",2,26.0,10,0,0,,,
2023-12-04 17:40:58,"Pull",49m,"Shrug (Dumbbell)",3,26.0,10,0,0,,,
2023-12-04 17:40:58,"Pull",49m,"Shrug (Dumbbell)",4,26.0,10,0,0,,,
2023-12-04 17:40:58,"Pull",49m,"Hammer Curl (Dumbbell)",1,12.0,10,0,0,"",,
2023-12-04 17:40:58,"Pull",49m,"Hammer Curl (Dumbbell)",2,12.0,9,0,0,,,
2023-12-04 17:40:58,"Pull",49m,"Hammer Curl (Dumbbell)",3,12.0,8,0,0,,,
2023-12-04 17:40:58,"Pull",49m,"Hammer Curl (Dumbbell)",4,12.0,10,0,0,,,
2023-12-04 17:40:58,"Pull",49m,"Hammer Curl (Dumbbell)",5,10.0,8,0,0,,,
2023-12-04 17:40:58,"Pull",49m,"Iso-Lateral Row (Machine)",1,40.0,12,0,0,"",,
2023-12-04 17:40:58,"Pull",49m,"Iso-Lateral Row (Machine)",2,65.0,10,0,0,,,
2023-12-04 17:40:58,"Pull",49m,"Iso-Lateral Row (Machine)",3,67.5,10,0,0,,,
2023-12-04 17:40:58,"Pull",49m,"Iso-Lateral Row (Machine)",4,65.0,10,0,0,,,
2023-12-04 17:40:58,"Pull",49m,"Iso-Lateral Row (Machine)",5,65.0,10,0,0,,,
2023-12-04 17:40:58,"Pull",49m,"Reverse Fly (Machine)",1,40.5,10,0,0,"",,
2023-12-04 17:40:58,"Pull",49m,"Reverse Fly (Machine)",2,45.5,11,0,0,,,
2023-12-04 17:40:58,"Pull",49m,"Reverse Fly (Machine)",3,45.5,10,0,0,,,
2023-12-04 17:40:58,"Pull",49m,"Reverse Fly (Machine)",4,45.5,10,0,0,,,
2023-12-04 17:40:58,"Pull",49m,"Bicep Curl (Cable)",1,17.5,10,0,0,"",,
2023-12-04 17:40:58,"Pull",49m,"Bicep Curl (Cable)",2,17.5,10,0,0,,,
2023-12-04 17:40:58,"Pull",49m,"Bicep Curl (Cable)",3,17.5,16,0,0,,,
2023-12-05 17:26:22,"Push",1h 7m,"Triceps Extension",1,15.0,10,0,0,"","",
2023-12-05 17:26:22,"Push",1h 7m,"Triceps Extension",2,15.0,10,0,0,,,
2023-12-05 17:26:22,"Push",1h 7m,"Triceps Extension",3,15.0,11,0,0,,,
2023-12-05 17:26:22,"Push",1h 7m,"Triceps Extension",4,15.0,10,0,0,,,
2023-12-05 17:26:22,"Push",1h 7m,"Chest Press (Machine)",1,63.5,10,0,0,"",,
2023-12-05 17:26:22,"Push",1h 7m,"Chest Press (Machine)",2,63.5,10,0,0,,,
2023-12-05 17:26:22,"Push",1h 7m,"Chest Press (Machine)",3,63.5,10,0,0,,,
2023-12-05 17:26:22,"Push",1h 7m,"Chest Press (Machine)",4,63.5,10,0,0,,,
2023-12-05 17:26:22,"Push",1h 7m,"Lateral Raise (Dumbbell)",1,7.0,10,0,0,"",,
2023-12-05 17:26:22,"Push",1h 7m,"Lateral Raise (Dumbbell)",2,7.0,10,0,0,,,
2023-12-05 17:26:22,"Push",1h 7m,"Lateral Raise (Dumbbell)",3,7.0,8,0,0,,,
2023-12-05 17:26:22,"Push",1h 7m,"Lateral Raise (Dumbbell)",4,7.6,10,0,0,,,
2023-12-05 17:26:22,"Push",1h 7m,"Shoulder Press (Machine)",1,22.5,10,0,0,"",,
2023-12-05 17:26:22,"Push",1h 7m,"Shoulder Press (Machine)",2,31.5,12,0,0,,,
2023-12-05 17:26:22,"Push",1h 7m,"Shoulder Press (Machine)",3,36.5,10,0,0,,,
2023-12-05 17:26:22,"Push",1h 7m,"Shoulder Press (Machine)",4,36.5,8,0,0,,,
2023-12-05 17:26:22,"Push",1h 7m,"Shoulder Press (Machine)",5,31.5,8,0,0,,,
2023-12-06 19:49:06,"Legs",1h 19m,"Seated Leg Curl (Machine)",1,40.0,10,0,0,"","",
2023-12-06 19:49:06,"Legs",1h 19m,"Seated Leg Curl (Machine)",2,50.0,11,0,0,,,
2023-12-06 19:49:06,"Legs",1h 19m,"Seated Leg Curl (Machine)",3,50.0,10,0,0,,,
2023-12-06 19:49:06,"Legs",1h 19m,"Seated Leg Curl (Machine)",4,50.0,10,0,0,,,
2023-12-06 19:49:06,"Legs",1h 19m,"Seated Leg Curl (Machine)",5,50.0,10,0,0,,,
2023-12-06 19:49:06,"Legs",1h 19m,"Seated Leg Curl (Machine)",6,45.0,10,0,0,,,
2023-12-06 19:49:06,"Legs",1h 19m,"Seated Leg Press (Machine)",1,103.5,12,0,0,"",,
2023-12-06 19:49:06,"Legs",1h 19m,"Seated Leg Press (Machine)",2,127.5,12,0,0,,,
2023-12-06 19:49:06,"Legs",1h 19m,"Seated Leg Press (Machine)",3,130.5,12,0,0,,,
2023-12-06 19:49:06,"Legs",1h 19m,"Seated Leg Press (Machine)",4,130.5,12,0,0,,,
2023-12-06 19:49:06,"Legs",1h 19m,"Calf Press on Seated Leg Press",1,130.5,10,0,0,"",,
2023-12-06 19:49:06,"Legs",1h 19m,"Calf Press on Seated Leg Press",2,130.5,10,0,0,,,
2023-12-06 19:49:06,"Legs",1h 19m,"Calf Press on Seated Leg Press",3,120.0,12,0,0,,,
2023-12-06 19:49:06,"Legs",1h 19m,"Calf Press on Seated Leg Press",4,120.0,12,0,0,,,
2023-12-06 19:49:06,"Legs",1h 19m,"Cable Hip Abduction",1,7.5,10,0,0,"",,
2023-12-06 19:49:06,"Legs",1h 19m,"Cable Hip Abduction",2,7.5,10,0,0,,,
2023-12-06 19:49:06,"Legs",1h 19m,"Cable Hip Abduction",3,7.5,10,0,0,,,
2023-12-06 19:49:06,"Legs",1h 19m,"Cable Hip Abduction",4,7.5,10,0,0,,,
2023-12-06 19:49:06,"Legs",1h 19m,"Cable Hip Adduction",1,5.0,15,0,0,"",,
2023-12-06 19:49:06,"Legs",1h 19m,"Cable Hip Adduction",2,7.5,10,0,0,,,
2023-12-06 19:49:06,"Legs",1h 19m,"Cable Hip Adduction",3,7.5,10,0,0,,,
2023-12-06 19:49:06,"Legs",1h 19m,"Cable Hip Adduction",4,7.5,12,0,0,,,
2023-12-06 19:49:06,"Legs",1h 19m,"Leg Extension (Machine)",1,40.0,12,0,0,"",,
2023-12-06 19:49:06,"Legs",1h 19m,"Leg Extension (Machine)",2,49.5,12,0,0,,,
2023-12-06 19:49:06,"Legs",1h 19m,"Leg Extension (Machine)",3,59.5,10,0,0,,,
2023-12-06 19:49:06,"Legs",1h 19m,"Leg Extension (Machine)",4,59.5,10,0,0,,,
2023-12-06 19:49:06,"Legs",1h 19m,"Leg Extension (Machine)",5,64.5,10,0,0,,,
2023-12-22 10:37:53,"Push",1h 5m,"Triceps Extension",1,17.5,10,0,0,"","",
2023-12-22 10:37:53,"Push",1h 5m,"Triceps Extension",2,15.0,10,0,0,,,
2023-12-22 10:37:53,"Push",1h 5m,"Triceps Extension",3,15.0,10,0,0,,,
2023-12-22 10:37:53,"Push",1h 5m,"Triceps Extension",4,15.0,10,0,0,,,
2023-12-22 10:37:53,"Push",1h 5m,"Chest Press (Machine)",1,40.5,12,0,0,"",,
2023-12-22 10:37:53,"Push",1h 5m,"Chest Press (Machine)",2,63.5,10,0,0,,,
2023-12-22 10:37:53,"Push",1h 5m,"Chest Press (Machine)",3,63.5,10,0,0,,,
2023-12-22 10:37:53,"Push",1h 5m,"Chest Press (Machine)",4,66.0,10,0,0,,,
2023-12-22 10:37:53,"Push",1h 5m,"Chest Press (Machine)",5,66.0,10,0,0,,,
2023-12-22 10:37:53,"Push",1h 5m,"Lateral Raise (Dumbbell)",1,7.0,10,0,0,"",,
2023-12-22 10:37:53,"Push",1h 5m,"Lateral Raise (Dumbbell)",2,7.0,10,0,0,,,
2023-12-22 10:37:53,"Push",1h 5m,"Lateral Raise (Dumbbell)",3,7.0,10,0,0,,,
2023-12-22 10:37:53,"Push",1h 5m,"Lateral Raise (Dumbbell)",4,6.0,10,0,0,,,
2023-12-22 10:37:53,"Push",1h 5m,"Shoulder Press (Machine)",1,24.0,10,0,0,"",,
2023-12-22 10:37:53,"Push",1h 5m,"Shoulder Press (Machine)",2,28.0,10,0,0,,,
2023-12-22 10:37:53,"Push",1h 5m,"Shoulder Press (Machine)",3,28.0,10,0,0,,,
2023-12-22 10:37:53,"Push",1h 5m,"Shoulder Press (Machine)",4,24.0,10,0,0,,,
2023-12-22 10:37:53,"Push",1h 5m,"Skullcrusher (Dumbbell)",1,24.0,10,0,0,"",,
2023-12-22 10:37:53,"Push",1h 5m,"Skullcrusher (Dumbbell)",2,24.0,10,0,0,,,
2024-01-12 17:27:52,"Push",1h 39m,"Bench Press (Barbell)",1,20.0,10,0,0,"","",
2024-01-12 17:27:52,"Push",1h 39m,"Bench Press (Barbell)",2,50.0,9,0,0,,,
2024-01-12 17:27:52,"Push",1h 39m,"Bench Press (Barbell)",3,55.0,9,0,0,,,
2024-01-12 17:27:52,"Push",1h 39m,"Bench Press (Barbell)",4,60.0,9,0,0,,,
2024-01-12 17:27:52,"Push",1h 39m,"Bench Press (Barbell)",5,60.0,9,0,0,,,
2024-01-12 17:27:52,"Push",1h 39m,"Chest Fly",1,40.0,10,0,0,"",,
2024-01-12 17:27:52,"Push",1h 39m,"Chest Fly",2,52.0,8,0,0,,,
2024-01-12 17:27:52,"Push",1h 39m,"Chest Fly",3,50.0,7,0,0,,,
2024-01-12 17:27:52,"Push",1h 39m,"Chest Fly",4,49.0,8,0,0,,,
2024-01-12 17:27:52,"Push",1h 39m,"Chest Fly",5,49.0,10,0,0,,,
2024-01-12 17:27:52,"Push",1h 39m,"Incline Bench Press (Dumbbell)",1,16.0,10,0,0,"",,
2024-01-12 17:27:52,"Push",1h 39m,"Incline Bench Press (Dumbbell)",2,16.0,9,0,0,,,
2024-01-12 17:27:52,"Push",1h 39m,"Incline Bench Press (Dumbbell)",3,14.0,8,0,0,,,
2024-01-12 17:27:52,"Push",1h 39m,"Cable Two Arm Push Up",1,5.0,8,0,0,"",,
2024-01-12 17:27:52,"Push",1h 39m,"Cable Two Arm Push Up",2,5.0,8,0,0,,,
2024-01-14 16:32:15,"Legs",1h 9m,"Seated Leg Curl (Machine)",1,40.0,10,0,0,"","",
2024-01-14 16:32:15,"Legs",1h 9m,"Seated Leg Curl (Machine)",2,50.0,10,0,0,,,
2024-01-14 16:32:15,"Legs",1h 9m,"Seated Leg Curl (Machine)",3,50.0,10,0,0,,,
2024-01-14 16:32:15,"Legs",1h 9m,"Seated Leg Curl (Machine)",4,50.0,8,0,0,,,
2024-01-14 16:32:15,"Legs",1h 9m,"Leg Extension (Machine)",1,40.0,12,0,0,"",,
2024-01-14 16:32:15,"Legs",1h 9m,"Leg Extension (Machine)",2,59.0,10,0,0,,,
2024-01-14 16:32:15,"Legs",1h 9m,"Leg Extension (Machine)",3,59.5,10,0,0,,,
2024-01-14 16:32:15,"Legs",1h 9m,"Leg Extension (Machine)",4,50.0,10,0,0,,,
2024-01-14 16:32:15,"Legs",1h 9m,"Squat (Barbell)",1,20.0,10,0,0,"",,
2024-01-14 16:32:15,"Legs",1h 9m,"Squat (Barbell)",2,40.0,10,0,0,,,
2024-01-14 16:32:15,"Legs",1h 9m,"Squat (Barbell)",3,50.0,10,0,0,,,
2024-01-14 16:32:15,"Legs",1h 9m,"Squat (Barbell)",4,50.0,10,0,0,,,
2024-01-14 16:32:15,"Legs",1h 9m,"Squat (Barbell)",5,60.0,10,0,0,,,
2024-01-14 16:32:15,"Legs",1h 9m,"Hip Abductor (Machine)",1,49.5,10,0,0,"",,
2024-01-14 16:32:15,"Legs",1h 9m,"Hip Abductor (Machine)",2,49.5,12,0,0,,,
2024-01-14 16:32:15,"Legs",1h 9m,"Hip Abductor (Machine)",3,49.5,12,0,0,,,
2024-01-14 16:32:15,"Legs",1h 9m,"Hip Adductor (Machine)",1,49.5,10,0,0,"",,
2024-01-14 16:32:15,"Legs",1h 9m,"Hip Adductor (Machine)",2,58.5,12,0,0,,,
2024-01-14 16:32:15,"Legs",1h 9m,"Hip Adductor (Machine)",3,55.5,12,0,0,,,
2024-01-14 16:32:15,"Legs",1h 9m,"Calf Press on Seated Leg Press",1,121.5,12,0,0,"",,
2024-01-14 16:32:15,"Legs",1h 9m,"Calf Press on Seated Leg Press",2,130.5,10,0,0,,,
2024-01-14 16:32:15,"Legs",1h 9m,"Calf Press on Seated Leg Press",3,125.0,12,0,0,,,
2024-01-16 13:31:20,"Pull",1h 5m,"Shrug (Dumbbell)",1,26.0,10,0,0,"","",
2024-01-16 13:31:20,"Pull",1h 5m,"Shrug (Dumbbell)",2,26.0,10,0,0,,,
2024-01-16 13:31:20,"Pull",1h 5m,"Shrug (Dumbbell)",3,26.0,9,0,0,,,
2024-01-16 13:31:20,"Pull",1h 5m,"Hammer Curl (Dumbbell)",1,12.0,10,0,0,"",,
2024-01-16 13:31:20,"Pull",1h 5m,"Hammer Curl (Dumbbell)",2,12.0,9,0,0,,,
2024-01-16 13:31:20,"Pull",1h 5m,"Hammer Curl (Dumbbell)",3,10.0,6,0,0,,,
2024-01-16 13:31:20,"Pull",1h 5m,"Hammer Curl (Dumbbell)",4,8.0,10,0,0,,,
2024-01-16 13:31:20,"Pull",1h 5m,"Hammer Curl (Dumbbell)",5,8.0,8,0,0,,,
2024-01-16 13:31:20,"Pull",1h 5m,"Reverse Fly (Machine)",1,38.5,10,0,0,"",,
2024-01-16 13:31:20,"Pull",1h 5m,"Reverse Fly (Machine)",2,38.5,8,0,0,,,
2024-01-16 13:31:20,"Pull",1h 5m,"Reverse Fly (Machine)",3,31.5,10,0,0,,,
2024-01-16 13:31:20,"Pull",1h 5m,"Reverse Fly (Machine)",4,38.5,10,0,0,,,
2024-01-16 13:31:20,"Pull",1h 5m,"Bicep Curl (Cable)",1,15.0,8,0,0,"",,
2024-01-16 13:31:20,"Pull",1h 5m,"Bicep Curl (Cable)",2,15.0,8,0,0,,,
2024-01-16 13:31:20,"Pull",1h 5m,"Bicep Curl (Cable)",3,12.5,8,0,0,,,
2024-01-16 13:31:20,"Pull",1h 5m,"Bicep Curl (Cable)",4,12.5,10,0,0,,,
2024-01-16 13:31:20,"Pull",1h 5m,"Seated Row (Machine)",1,40.0,10,0,0,"",,
2024-01-16 13:31:20,"Pull",1h 5m,"Seated Row (Machine)",2,60.0,10,0,0,,,
2024-01-16 13:31:20,"Pull",1h 5m,"Seated Row (Machine)",3,60.0,10,0,0,,,
2024-01-16 13:31:20,"Pull",1h 5m,"Seated Row (Machine)",4,60.0,10,0,0,,,
2024-01-16 13:31:20,"Pull",1h 5m,"Lat Pulldown (Machine)",1,60.0,10,0,0,"",,
2024-01-16 13:31:20,"Pull",1h 5m,"Lat Pulldown (Machine)",2,70.0,10,0,0,,,
2024-01-16 13:31:20,"Pull",1h 5m,"Lat Pulldown (Machine)",3,70.0,10,0,0,,,
2024-01-16 13:31:20,"Pull",1h 5m,"Lat Pulldown (Machine)",4,70.0,8,0,0,,,
2024-01-16 13:31:20,"Pull",1h 5m,"Lat Pulldown (Machine)",5,60.0,10,0,0,,,
2024-01-19 18:24:09,"Push",1h 6m,"Triceps Extension",1,15.0,10,0,0,"","",
2024-01-19 18:24:09,"Push",1h 6m,"Triceps Extension",2,15.0,10,0,0,,,
2024-01-19 18:24:09,"Push",1h 6m,"Skullcrusher (Dumbbell)",1,26.0,8,0,0,"",,
2024-01-19 18:24:09,"Push",1h 6m,"Skullcrusher (Dumbbell)",2,26.0,10,0,0,,,
2024-01-19 18:24:09,"Push",1h 6m,"Skullcrusher (Dumbbell)",3,26.0,10,0,0,,,
2024-01-19 18:24:09,"Push",1h 6m,"Skullcrusher (Dumbbell)",4,26.0,10,0,0,,,
2024-01-19 18:24:09,"Push",1h 6m,"Chest Fly",1,40.0,12,0,0,"",,
2024-01-19 18:24:09,"Push",1h 6m,"Chest Fly",2,54.5,10,0,0,,,
2024-01-19 18:24:09,"Push",1h 6m,"Chest Fly",3,54.5,10,0,0,,,
2024-01-19 18:24:09,"Push",1h 6m,"Chest Fly",4,54.5,9,0,0,,,
2024-01-19 18:24:09,"Push",1h 6m,"Chest Fly",5,49.0,10,0,0,,,
2024-01-19 18:24:09,"Push",1h 6m,"Seated Overhead Press (Dumbbell)",1,12.0,10,0,0,"",,
2024-01-19 18:24:09,"Push",1h 6m,"Seated Overhead Press (Dumbbell)",2,14.0,12,0,0,,,
2024-01-19 18:24:09,"Push",1h 6m,"Seated Overhead Press (Dumbbell)",3,14.0,10,0,0,,,
2024-01-19 18:24:09,"Push",1h 6m,"Seated Overhead Press (Dumbbell)",4,14.0,10,0,0,,,
2024-01-19 18:24:09,"Push",1h 6m,"Incline Bench Press (Dumbbell)",1,18.0,5,0,0,"",,
2024-01-19 18:24:09,"Push",1h 6m,"Incline Bench Press (Dumbbell)",2,14.0,10,0,0,,,
2024-01-19 18:24:09,"Push",1h 6m,"Incline Bench Press (Dumbbell)",3,14.0,8,0,0,,,
2024-01-19 18:24:09,"Push",1h 6m,"Incline Bench Press (Dumbbell)",4,14.0,10,0,0,,,
2024-01-19 18:24:09,"Push",1h 6m,"Cable Two Arm Push Up",1,5.0,10,0,0,"",,
2024-01-19 18:24:09,"Push",1h 6m,"Cable Two Arm Push Up",2,7.5,8,0,0,,,
2024-01-19 18:24:09,"Push",1h 6m,"Cable Two Arm Push Up",3,5.0,10,0,0,,,
2024-01-19 18:24:09,"Push",1h 6m,"Cable Two Arm Push Up",4,5.0,10,0,0,,,
2024-01-21 16:48:13,"Legs",1h 19m,"Seated Leg Curl (Machine)",1,49.5,10,0,0,"","",
2024-01-21 16:48:13,"Legs",1h 19m,"Seated Leg Curl (Machine)",2,50.0,10,0,0,,,
2024-01-21 16:48:13,"Legs",1h 19m,"Seated Leg Curl (Machine)",3,50.0,10,0,0,,,
2024-01-21 16:48:13,"Legs",1h 19m,"Leg Extension (Machine)",1,40.0,12,0,0,"",,
2024-01-21 16:48:13,"Legs",1h 19m,"Leg Extension (Machine)",2,58.5,10,0,0,,,
2024-01-21 16:48:13,"Legs",1h 19m,"Squat (Barbell)",1,20.0,10,0,0,"",,
2024-01-21 16:48:13,"Legs",1h 19m,"Squat (Barbell)",2,50.0,10,0,0,,,
2024-01-21 16:48:13,"Legs",1h 19m,"Squat (Barbell)",3,60.0,10,0,0,,,
2024-01-21 16:48:13,"Legs",1h 19m,"Squat (Barbell)",4,60.0,10,0,0,,,
2024-01-21 16:48:13,"Legs",1h 19m,"Squat (Barbell)",5,60.0,10,0,0,,,
2024-01-21 16:48:13,"Legs",1h 19m,"Hip Abductor (Machine)",1,40.5,10,0,0,"",,
2024-01-21 16:48:13,"Legs",1h 19m,"Hip Abductor (Machine)",2,58.5,10,0,0,,,
2024-01-21 16:48:13,"Legs",1h 19m,"Hip Abductor (Machine)",3,58.5,10,0,0,,,
2024-01-21 16:48:13,"Legs",1h 19m,"Hip Abductor (Machine)",4,54.5,10,0,0,,,
2024-01-21 16:48:13,"Legs",1h 19m,"Hip Abductor (Machine)",5,54.5,10,0,0,,,
2024-01-21 16:48:13,"Legs",1h 19m,"Hip Adductor (Machine)",1,30.5,10,0,0,"",,
2024-01-21 16:48:13,"Legs",1h 19m,"Hip Adductor (Machine)",2,40.5,12,0,0,,,
2024-01-21 16:48:13,"Legs",1h 19m,"Hip Adductor (Machine)",3,54.5,12,0,0,,,
2024-01-21 16:48:13,"Legs",1h 19m,"Hip Adductor (Machine)",4,54.5,12,0,0,,,
2024-01-21 16:48:13,"Legs",1h 19m,"Hip Adductor (Machine)",5,58.5,11,0,0,,,
2024-01-21 16:48:13,"Legs",1h 19m,"Calf Press on Seated Leg Press",1,121.5,12,0,0,"",,
2024-01-21 16:48:13,"Legs",1h 19m,"Calf Press on Seated Leg Press",2,135.5,12,0,0,,,
2024-01-21 16:48:13,"Legs",1h 19m,"Calf Press on Seated Leg Press",3,140.0,12,0,0,,,
2024-01-21 16:48:13,"Legs",1h 19m,"Calf Press on Seated Leg Press",4,154.5,10,0,0,,,
2024-01-24 13:39:35,"Push",1h 3m,"Chest Fly",1,30.0,10,0,0,"","",
2024-01-24 13:39:35,"Push",1h 3m,"Chest Fly",2,52.5,12,0,0,,,
2024-01-24 13:39:35,"Push",1h 3m,"Chest Fly",3,58.5,10,0,0,,,
2024-01-24 13:39:35,"Push",1h 3m,"Chest Fly",4,58.5,9,0,0,,,
2024-01-24 13:39:35,"Push",1h 3m,"Bench Press (Barbell)",1,20.0,12,0,0,"",,
2024-01-24 13:39:35,"Push",1h 3m,"Bench Press (Barbell)",2,50.0,10,0,0,,,
2024-01-24 13:39:35,"Push",1h 3m,"Bench Press (Barbell)",3,60.0,7,0,0,,,
2024-01-24 13:39:35,"Push",1h 3m,"Bench Press (Barbell)",4,55.0,7,0,0,,,
2024-01-24 13:39:35,"Push",1h 3m,"Bench Press (Barbell)",5,50.0,8,0,0,,,
2024-01-24 13:39:35,"Push",1h 3m,"Tricep Kickback",1,5.0,12,0,0,"",,
2024-01-24 13:39:35,"Push",1h 3m,"Tricep Kickback",2,5.0,12,0,0,,,
2024-01-24 13:39:35,"Push",1h 3m,"Tricep Kickback",3,5.0,10,0,0,,,
2024-01-24 13:39:35,"Push",1h 3m,"Tricep Kickback",4,5.0,10,0,0,,,
2024-01-24 13:39:35,"Push",1h 3m,"Front Raise (Dumbbell)",1,7.0,8,0,0,"Biset",,
2024-01-24 13:39:35,"Push",1h 3m,"Front Raise (Dumbbell)",2,7.0,8,0,0,,,
2024-01-24 13:39:35,"Push",1h 3m,"Front Raise (Dumbbell)",3,7.0,9,0,0,,,
2024-01-24 13:39:35,"Push",1h 3m,"Front Raise (Dumbbell)",4,7.0,9,0,0,,,
2024-01-26 11:59:03,"Pull",58m,"Shrug (Dumbbell)",1,28.0,10,0,0,"","",
2024-01-26 11:59:03,"Pull",58m,"Shrug (Dumbbell)",2,28.0,10,0,0,,,
2024-01-26 11:59:03,"Pull",58m,"Shrug (Dumbbell)",3,28.0,9,0,0,,,
2024-01-26 11:59:03,"Pull",58m,"Shrug (Dumbbell)",4,28.0,10,0,0,,,
2024-01-26 11:59:03,"Pull",58m,"Reverse Fly (Machine)",1,40.5,10,0,0,"",,
2024-01-26 11:59:03,"Pull",58m,"Reverse Fly (Machine)",2,40.5,10,0,0,,,
2024-01-26 11:59:03,"Pull",58m,"Reverse Fly (Machine)",3,36.5,10,0,0,,,
2024-01-26 11:59:03,"Pull",58m,"Reverse Fly (Machine)",4,36.5,10,0,0,,,
2024-01-26 11:59:03,"Pull",58m,"Seated Row (Machine)",1,40.0,12,0,0,"",,
2024-01-26 11:59:03,"Pull",58m,"Seated Row (Machine)",2,63.5,10,0,0,,,
2024-01-26 11:59:03,"Pull",58m,"Seated Row (Machine)",3,68.5,10,0,0,,,
2024-01-26 11:59:03,"Pull",58m,"Seated Row (Machine)",4,68.5,10,0,0,,,
2024-01-26 11:59:03,"Pull",58m,"Seated Row (Machine)",5,68.5,10,0,0,,,
2024-01-26 11:59:03,"Pull",58m,"Hanging Leg Raise",1,0,12,0,0,"",,
2024-01-26 11:59:03,"Pull",58m,"Hanging Leg Raise",2,0,10,0,0,,,
2024-01-26 11:59:03,"Pull",58m,"Hanging Leg Raise",3,0,8,0,0,,,
2024-02-01 17:20:44,"Pull",1h 9m,"Reverse Fly (Machine)",1,35.5,10,0,0,"","",
2024-02-01 17:20:44,"Pull",1h 9m,"Reverse Fly (Machine)",2,40.5,10,0,0,,,
2024-02-01 17:20:44,"Pull",1h 9m,"Reverse Fly (Machine)",3,45.5,10,0,0,,,
2024-02-01 17:20:44,"Pull",1h 9m,"Seated Row (Machine)",1,40.0,12,0,0,"",,
2024-02-01 17:20:44,"Pull",1h 9m,"Seated Row (Machine)",2,67.5,10,0,0,,,
2024-02-01 17:20:44,"Pull",1h 9m,"Seated Row (Machine)",3,67.5,10,0,0,,,
2024-02-01 17:20:44,"Pull",1h 9m,"Seated Row (Machine)",4,68.5,10,0,0,,,
2024-02-01 17:20:44,"Pull",1h 9m,"Lat Pulldown (Cable)",1,60.0,9,0,0,"",,
2024-02-01 17:20:44,"Pull",1h 9m,"Lat Pulldown (Cable)",2,50.0,10,0,0,,,
2024-02-01 17:20:44,"Pull",1h 9m,"Lat Pulldown (Cable)",3,50.0,10,0,0,,,
2024-02-01 17:20:44,"Pull",1h 9m,"Lat Pulldown (Cable)",4,50.0,10,0,0,,,
2024-02-01 17:20:44,"Pull",1h 9m,"Back Extension",1,0.0,16,0,0,"",,
2024-02-01 17:20:44,"Pull",1h 9m,"Back Extension",2,0.0,16,0,0,,,
2024-02-01 17:20:44,"Pull",1h 9m,"Back Extension",3,0.0,16,0,0,,,
2024-02-01 17:20:44,"Pull",1h 9m,"Back Extension",4,0.0,16,0,0,,,
2024-02-01 17:20:44,"Pull",1h 9m,"Hammer & Wide Curl biset",1,8.0,10,0,0,"",,
2024-02-01 17:20:44,"Pull",1h 9m,"Hammer & Wide Curl biset",2,8.0,10,0,0,,,
2024-02-01 17:20:44,"Pull",1h 9m,"Hammer & Wide Curl biset",3,8.0,10,0,0,,,
2024-02-01 17:20:44,"Pull",1h 9m,"Hammer & Wide Curl biset",4,8.0,10,0,0,,,
2024-02-04 15:51:08,"Push",1h 16m,"Chest Fly",1,31.5,15,0,0,"","",
2024-02-04 15:51:08,"Push",1h 16m,"Chest Fly",2,40.5,12,0,0,,,
2024-02-04 15:51:08,"Push",1h 16m,"Chest Fly",3,40.5,10,0,0,,,
2024-02-04 15:51:08,"Push",1h 16m,"Chest Fly",4,36.5,9,0,0,,,
2024-02-04 15:51:08,"Push",1h 16m,"Bench Press (Barbell)",1,20.0,12,0,0,"",,
2024-02-04 15:51:08,"Push",1h 16m,"Bench Press (Barbell)",2,60.0,10,0,0,,,
2024-02-04 15:51:08,"Push",1h 16m,"Bench Press (Barbell)",3,60.0,10,0,0,,,
2024-02-04 15:51:08,"Push",1h 16m,"Bench Press (Barbell)",4,60.0,8,0,0,,,
2024-02-04 15:51:08,"Push",1h 16m,"Bench Press (Barbell)",5,55.0,8,0,0,,,
2024-02-04 15:51:08,"Push",1h 16m,"Front Raise (Dumbbell)",1,5.0,10,0,0,"",,
2024-02-04 15:51:08,"Push",1h 16m,"Front Raise (Dumbbell)",2,7.0,8,0,0,,,
2024-02-04 15:51:08,"Push",1h 16m,"Front Raise (Dumbbell)",3,5.0,10,0,0,,,
2024-02-04 15:51:08,"Push",1h 16m,"Cable Two Arm Push Up",1,5.0,10,0,0,"",,
2024-02-04 15:51:08,"Push",1h 16m,"Cable Two Arm Push Up",2,7.5,8,0,0,,,
2024-02-04 15:51:08,"Push",1h 16m,"Cable Two Arm Push Up",3,5.0,10,0,0,,,
2024-02-04 15:51:08,"Push",1h 16m,"Incline Bench Press (Dumbbell)",1,14.0,12,0,0,"",,
2024-02-04 15:51:08,"Push",1h 16m,"Incline Bench Press (Dumbbell)",2,16.0,10,0,0,,,
2024-02-04 15:51:08,"Push",1h 16m,"Incline Bench Press (Dumbbell)",3,16.0,8,0,0,,,
2024-02-04 15:51:08,"Push",1h 16m,"Tricep Kickback",1,5.0,10,0,0,"",,
2024-02-04 15:51:08,"Push",1h 16m,"Tricep Kickback",2,5.0,10,0,0,,,
2024-02-04 15:51:08,"Push",1h 16m,"Tricep Kickback",3,5.0,9,0,0,,,
2024-02-04 15:51:08,"Push",1h 16m,"Tricep Kickback",4,5.0,10,0,0,,,
2024-02-04 15:51:08,"Push",1h 16m,"Hanging Leg Raise",1,0,12,0,0,"",,
2024-02-04 15:51:08,"Push",1h 16m,"Hanging Leg Raise",2,0,12,0,0,,,
2024-02-06 18:52:45,"Pull",54m,"Seated Row (Machine)",1,31.5,12,0,0,"","",
2024-02-06 18:52:45,"Pull",54m,"Seated Row (Machine)",2,67.5,10,0,0,,,
2024-02-06 18:52:45,"Pull",54m,"Seated Row (Machine)",3,67.5,10,0,0,,,
2024-02-06 18:52:45,"Pull",54m,"Seated Row (Machine)",4,68.5,10,0,0,,,
2024-02-06 18:52:45,"Pull",54m,"Seated Row (Machine)",5,68.5,10,0,0,,,
2024-02-06 18:52:45,"Pull",54m,"Hammer & Wide Curl biset",1,8.0,10,0,0,"",,
2024-02-06 18:52:45,"Pull",54m,"Hammer & Wide Curl biset",2,8.0,10,0,0,,,
2024-02-06 18:52:45,"Pull",54m,"Hammer & Wide Curl biset",3,8.0,10,0,0,,,
2024-02-06 18:52:45,"Pull",54m,"Lat Pulldown (Machine)",1,49.5,10,0,0,"",,
2024-02-06 18:52:45,"Pull",54m,"Lat Pulldown (Machine)",2,70.0,10,0,0,,,
2024-02-06 18:52:45,"Pull",54m,"Lat Pulldown (Machine)",3,70.0,10,0,0,,,
2024-02-06 18:52:45,"Pull",54m,"Pull Up",1,0,7,0,0,"",,
2024-02-06 18:52:45,"Pull",54m,"Pull Up",2,10.0,7,0,0,,,
2024-02-06 18:52:45,"Pull",54m,"Front Raise (Dumbbell)",1,7.0,10,0,0,"Biset",,
2024-03-04 19:38:53,"Push",1h 2m,"Tricep Kickback",1,5.0,12,0,0,"","",
2024-03-04 19:38:53,"Push",1h 2m,"Tricep Kickback",2,5.0,12,0,0,,,
2024-03-04 19:38:53,"Push",1h 2m,"Tricep Kickback",3,5.0,10,0,0,,,
2024-03-04 19:38:53,"Push",1h 2m,"Chest Press (Band)",1,7.5,12,0,0,"",,
2024-03-04 19:38:53,"Push",1h 2m,"Chest Press (Band)",2,10.0,10,0,0,,,
2024-03-04 19:38:53,"Push",1h 2m,"Chest Press (Band)",3,10.0,10,0,0,,,
2024-03-04 19:38:53,"Push",1h 2m,"Chest Press (Band)",4,10.0,10,0,0,,,
2024-03-04 19:38:53,"Push",1h 2m,"Cable Two Arm Push Up",1,7.5,8,0,0,"",,
2024-03-04 19:38:53,"Push",1h 2m,"Cable Two Arm Push Up",2,7.5,8,0,0,,,
2024-03-04 19:38:53,"Push",1h 2m,"Cable Two Arm Push Up",3,7.5,8,0,0,,,
2024-03-04 19:38:53,"Push",1h 2m,"Shoulder Press (Machine)",1,27.5,10,0,0,"",,
2024-03-04 19:38:53,"Push",1h 2m,"Shoulder Press (Machine)",2,31.5,10,0,0,,,
2024-03-04 19:38:53,"Push",1h 2m,"Shoulder Press (Machine)",3,31.5,8,0,0,,,
2024-03-04 19:38:53,"Push",1h 2m,"Shoulder Press (Machine)",4,27.5,8,0,0,,,
2024-03-04 19:38:53,"Push",1h 2m,"Shoulder Press (Machine)",5,22.5,10,0,0,,,
2024-03-04 19:38:53,"Push",1h 2m,"Chest Fly",1,40.5,10,0,0,"",,
2024-03-04 19:38:53,"Push",1h 2m,"Chest Fly",2,40.5,10,0,0,,,
2024-03-04 19:38:53,"Push",1h 2m,"Chest Fly",3,40.5,10,0,0,,,
2024-03-04 19:38:53,"Push",1h 2m,"Chest Fly",4,36.5,8,0,0,,,
2024-03-06 11:13:22,"Pull",1h 23m,"Seated Row (Machine)",1,67.5,10,0,0,"","",
2024-03-06 11:13:22,"Pull",1h 23m,"Front Raise (Dumbbell)",1,6.0,8,0,0,"",,
2024-03-06 11:13:22,"Pull",1h 23m,"Front Raise (Dumbbell)",2,6.0,8,0,0,,,
2024-03-06 11:13:22,"Pull",1h 23m,"Lat Pulldown (Machine)",1,40.5,12,0,0,"",,
2024-03-06 11:13:22,"Pull",1h 23m,"Lat Pulldown (Machine)",2,80.0,8,0,0,,,
2024-03-06 11:13:22,"Pull",1h 23m,"Lat Pulldown (Machine)",3,80.0,8,0,0,,,
2024-03-06 11:13:22,"Pull",1h 23m,"Iso-Lateral Row (Machine)",1,35.0,12,0,0,"",,
2024-03-06 11:13:22,"Pull",1h 23m,"Iso-Lateral Row (Machine)",2,60.0,9,0,0,,,
2024-03-06 11:13:22,"Pull",1h 23m,"Iso-Lateral Row (Machine)",3,60.0,9,0,0,,,
2024-03-06 11:13:22,"Pull",1h 23m,"Iso-Lateral Row (Machine)",4,50.0,10,0,0,,,
2024-03-06 11:13:22,"Pull",1h 23m,"Preacher Curl (Barbell)",1,20.0,12,0,0,"",,
2024-03-06 11:13:22,"Pull",1h 23m,"Preacher Curl (Barbell)",2,20.0,12,0,0,,,
2024-03-06 11:13:22,"Pull",1h 23m,"Preacher Curl (Barbell)",3,22.0,10,0,0,,,
2024-03-06 11:13:22,"Pull",1h 23m,"Preacher Curl (Barbell)",4,20.0,10,0,0,,,
2024-03-06 11:13:22,"Pull",1h 23m,"Hammer Curl (Dumbbell)",1,8.0,8,0,0,"",,
2024-03-06 11:13:22,"Pull",1h 23m,"Hammer Curl (Dumbbell)",2,8.0,9,0,0,,,
2024-03-06 11:13:22,"Pull",1h 23m,"Hammer Curl (Dumbbell)",3,8.0,9,0,0,,,
2024-03-06 11:13:22,"Pull",1h 23m,"Hammer Curl (Dumbbell)",4,8.0,9,0,0,,,
2024-03-08 16:57:13,"Legs",58m,"Seated Leg Curl (Machine)",1,49.5,10,0,0,"","",
2024-03-08 16:57:13,"Legs",58m,"Seated Leg Curl (Machine)",2,49.5,10,0,0,,,
2024-03-08 16:57:13,"Legs",58m,"Seated Leg Curl (Machine)",3,50.0,10,0,0,,,
2024-03-08 16:57:13,"Legs",58m,"Leg Extension (Machine)",1,49.5,10,0,0,"",,
2024-03-08 16:57:13,"Legs",58m,"Leg Extension (Machine)",2,49.5,12,0,0,,,
2024-03-08 16:57:13,"Legs",58m,"Leg Extension (Machine)",3,54.5,10,0,0,,,
2024-03-08 16:57:13,"Legs",58m,"Leg Extension (Machine)",4,54.5,12,0,0,,,
2024-03-08 16:57:13,"Legs",58m,"Calf Press on Seated Leg Press",1,121.5,12,0,0,"",,
2024-03-08 16:57:13,"Legs",58m,"Calf Press on Seated Leg Press",2,130.5,8,0,0,,,
2024-03-08 16:57:13,"Legs",58m,"Calf Press on Seated Leg Press",3,121.5,9,0,0,,,
2024-03-08 16:57:13,"Legs",58m,"Hack Squat (Barbell)",1,20.0,10,0,0,"",,
2024-03-08 16:57:13,"Legs",58m,"Hack Squat (Barbell)",2,55.0,10,0,0,,,
2024-03-08 16:57:13,"Legs",58m,"Hack Squat (Barbell)",3,55.0,12,0,0,,,
2024-03-08 16:57:13,"Legs",58m,"Hack Squat (Barbell)",4,55.0,11,0,0,,,
2024-03-12 18:34:16,"Pull",48m,"Hammer & Wide Curl biset",1,8.0,8,0,0,"","",
2024-03-12 18:34:16,"Pull",48m,"Hammer & Wide Curl biset",2,8.0,8,0,0,,,
2024-03-12 18:34:16,"Pull",48m,"Front Raise (Dumbbell)",1,6.0,10,0,0,"",,
2024-03-12 18:34:16,"Pull",48m,"Front Raise (Dumbbell)",2,6.0,10,0,0,,,
2024-03-12 18:34:16,"Pull",48m,"Front Raise (Dumbbell)",3,6.0,10,0,0,,,
2024-03-12 18:34:16,"Pull",48m,"Front Raise (Dumbbell)",4,6.0,8,0,0,,,
2024-03-12 18:34:16,"Pull",48m,"Arnold Press (Dumbbell)",1,8.0,10,0,0,"",,
2024-03-12 18:34:16,"Pull",48m,"Arnold Press (Dumbbell)",2,8.0,10,0,0,,,
2024-03-12 18:34:16,"Pull",48m,"Arnold Press (Dumbbell)",3,8.0,10,0,0,,,
2024-03-12 18:34:16,"Pull",48m,"Arnold Press (Dumbbell)",4,8.0,9,0,0,,,
2024-03-12 18:34:16,"Pull",48m,"Back Extension",1,0.0,15,0,0,"",,
2024-03-12 18:34:16,"Pull",48m,"Back Extension",2,0.0,16,0,0,,,
2024-03-12 18:34:16,"Pull",48m,"Back Extension",3,0.0,15,0,0,,,
2024-03-12 18:34:16,"Pull",48m,"Back Extension",4,0.0,15,0,0,,,
2024-03-12 18:34:16,"Pull",48m,"Side Bend Extension ",1,12.0,10,0,0,"",,
2024-03-12 18:34:16,"Pull",48m,"Side Bend Extension ",2,12.0,16,0,0,,,
2024-03-12 18:34:16,"Pull",48m,"Side Bend Extension ",3,12.0,12,0,0,,,
2024-03-12 18:34:16,"Pull",48m,"Side Bend Extension ",4,12.0,12,0,0,,,
2024-03-12 18:34:16,"Pull",48m,"Hammer Curl (Dumbbell)",1,8.0,8,0,0,"",,
2024-03-14 18:11:15,"Pull",46m,"Pull Up (Band)",1,20.0,8,0,0,"","",
2024-03-14 18:11:15,"Pull",46m,"Pull Up (Band)",2,20.0,9,0,0,,,
2024-03-14 18:11:15,"Pull",46m,"Pull Up (Band)",3,20.0,8,0,0,,,
2024-03-14 18:11:15,"Pull",46m,"Pull Up (Band)",4,20.0,8,0,0,,,
2024-03-14 18:11:15,"Pull",46m,"Bent Over Barbell",1,20.0,10,0,0,"",,
2024-03-14 18:11:15,"Pull",46m,"Bent Over Barbell",2,30.0,10,0,0,,,
2024-03-14 18:11:15,"Pull",46m,"Bent Over Barbell",3,25.0,10,0,0,,,
2024-03-14 18:11:15,"Pull",46m,"Bent Over Barbell",4,30.0,10,0,0,,,
2024-03-14 18:11:15,"Pull",46m,"Triceps Extension",1,20.0,8,0,0,"",,
2024-03-14 18:11:15,"Pull",46m,"Triceps Extension",2,20.0,9,0,0,,,
2024-03-14 18:11:15,"Pull",46m,"Triceps Extension",3,15.0,10,0,0,,,
2024-03-14 18:11:15,"Pull",46m,"Triceps Extension",4,15.0,10,0,0,,,
2024-03-16 14:51:05,"Legs",1h 23m,"Seated Leg Curl (Machine)",1,40.5,12,0,0,"","",
2024-03-16 14:51:05,"Legs",1h 23m,"Seated Leg Curl (Machine)",2,49.5,10,0,0,,,
2024-03-16 14:51:05,"Legs",1h 23m,"Seated Leg Curl (Machine)",3,49.5,10,0,0,,,
2024-03-16 14:51:05,"Legs",1h 23m,"Seated Leg Curl (Machine)",4,49.5,10,0,0,,,
2024-03-16 14:51:05,"Legs",1h 23m,"Leg Extension (Machine)",1,49.5,10,0,0,"",,
2024-03-16 14:51:05,"Legs",1h 23m,"Leg Extension (Machine)",2,54.5,10,0,0,,,
2024-03-16 14:51:05,"Legs",1h 23m,"Leg Extension (Machine)",3,54.5,10,0,0,,,
2024-03-16 14:51:05,"Legs",1h 23m,"Leg Extension (Machine)",4,54.5,10,0,0,,,
2024-03-16 14:51:05,"Legs",1h 23m,"Calf Press on Seated Leg Press",1,121.5,12,0,0,"",,
2024-03-16 14:51:05,"Legs",1h 23m,"Calf Press on Seated Leg Press",2,126.5,12,0,0,,,
2024-03-16 14:51:05,"Legs",1h 23m,"Calf Press on Seated Leg Press",3,126.5,12,0,0,,,
2024-03-16 14:51:05,"Legs",1h 23m,"Squat (Barbell)",1,20.0,10,0,0,"",,
2024-03-16 14:51:05,"Legs",1h 23m,"Squat (Barbell)",2,50.0,10,0,0,,,
2024-03-16 14:51:05,"Legs",1h 23m,"Squat (Barbell)",3,60.0,9,0,0,,,
2024-03-16 14:51:05,"Legs",1h 23m,"Squat (Barbell)",4,50.0,12,0,0,,,
2024-03-16 14:51:05,"Legs",1h 23m,"Squat (Barbell)",5,50.0,12,0,0,,,
2024-03-19 15:31:12,"Push",58m,"Tricep Kickback",1,5.0,10,0,0,"","",
2024-03-19 15:31:12,"Push",58m,"Tricep Kickback",2,5.0,8,0,0,,,
2024-03-19 15:31:12,"Push",58m,"Tricep Kickback",3,5.0,10,0,0,,,
2024-03-19 15:31:12,"Push",58m,"Chest Fly",1,40.5,10,0,0,"",,
2024-03-19 15:31:12,"Push",58m,"Chest Fly",2,40.5,10,0,0,,,
2024-03-19 15:31:12,"Push",58m,"Chest Fly",3,40.5,8,0,0,,,
2024-03-19 15:31:12,"Push",58m,"Chest Fly",4,36.5,12,0,0,,,
2024-03-19 15:31:12,"Push",58m,"Chest Press (Machine)",1,40.5,12,0,0,"",,
2024-03-19 15:31:12,"Push",58m,"Chest Press (Machine)",2,63.5,10,0,0,,,
2024-03-19 15:31:12,"Push",58m,"Chest Press (Machine)",3,63.5,8,0,0,,,
2024-03-19 15:31:12,"Push",58m,"Chest Press (Machine)",4,58.5,8,0,0,,,
2024-03-19 15:31:12,"Push",58m,"Skullcrusher (Dumbbell)",1,30.0,10,0,0,"",,
2024-03-19 15:31:12,"Push",58m,"Skullcrusher (Dumbbell)",2,30.0,10,0,0,,,
2024-03-19 15:31:12,"Push",58m,"Skullcrusher (Dumbbell)",3,30.0,8,0,0,,,
2024-03-19 15:31:12,"Push",58m,"Skullcrusher (Dumbbell)",4,30.0,8,0,0,,,
2024-03-19 15:31:12,"Push",58m,"Incline Bench Press (Dumbbell)",1,14.0,10,0,0,"",,
2024-03-19 15:31:12,"Push",58m,"Shoulder Press",1,12.0,9,0,0,"",,
2024-03-19 15:31:12,"Push",58m,"Shoulder Press",2,12.0,9,0,0,,,
2024-03-19 15:31:12,"Push",58m,"Shoulder Press",3,10.0,9,0,0,,,
2024-03-19 15:31:12,"Push",58m,"Cable One Arm Push",1,7.5,8,0,0,"",,
2024-03-19 15:31:12,"Push",58m,"Cable One Arm Push",2,7.5,8,0,0,,,
2024-03-19 15:31:12,"Push",58m,"Cable One Arm Push",3,5.0,10,0,0,,,
2024-03-21 16:03:59,"Pull",1h 5m,"Bent Over One Arm Row (Dumbbell)",1,16.0,12,0,0,"","",
2024-03-21 16:03:59,"Pull",1h 5m,"Bent Over One Arm Row (Dumbbell)",2,20.0,10,0,0,,,
2024-03-21 16:03:59,"Pull",1h 5m,"Bent Over One Arm Row (Dumbbell)",3,22.0,11,0,0,,,
2024-03-21 16:03:59,"Pull",1h 5m,"Bent Over One Arm Row (Dumbbell)",4,22.0,11,0,0,,,
2024-03-21 16:03:59,"Pull",1h 5m,"Hammer Curl (Dumbbell)",1,12.0,9,0,0,"",,
2024-03-21 16:03:59,"Pull",1h 5m,"Hammer Curl (Dumbbell)",2,12.0,9,0,0,,,
2024-03-21 16:03:59,"Pull",1h 5m,"Hammer Curl (Dumbbell)",3,10.0,9,0,0,,,
2024-03-21 16:03:59,"Pull",1h 5m,"Hammer Curl (Dumbbell)",4,10.0,9,0,0,,,
2024-03-21 16:03:59,"Pull",1h 5m,"Hammer Curl (Dumbbell)",5,10.0,9,0,0,,,
2024-03-21 16:03:59,"Pull",1h 5m,"Side Bend Extension ",1,12.0,15,0,0,"",,
2024-03-21 16:03:59,"Pull",1h 5m,"Side Bend Extension ",2,12.0,15,0,0,,,
2024-03-21 16:03:59,"Pull",1h 5m,"Side Bend Extension ",3,12.0,15,0,0,,,
2024-03-21 16:03:59,"Pull",1h 5m,"Side Bend Extension ",4,12.0,15,0,0,,,
2024-03-21 16:03:59,"Pull",1h 5m,"Back Extension",1,5.0,12,0,0,"",,
2024-03-21 16:03:59,"Pull",1h 5m,"Back Extension",2,5.0,15,0,0,,,
2024-03-21 16:03:59,"Pull",1h 5m,"Back Extension",3,5.0,15,0,0,,,
2024-03-21 16:03:59,"Pull",1h 5m,"Back Extension",4,5.0,15,0,0,,,
2024-03-21 16:03:59,"Pull",1h 5m,"Lateral Raise (Dumbbell)",1,8.0,8,0,0,"Biset",,
2024-03-21 16:03:59,"Pull",1h 5m,"Lateral Raise (Dumbbell)",2,8.0,9,0,0,,,
2024-03-21 16:03:59,"Pull",1h 5m,"Lateral Raise (Dumbbell)",3,8.0,9,0,0,,,
2024-03-21 16:03:59,"Pull",1h 5m,"Lateral Raise (Dumbbell)",4,8.0,8,0,0,,,
2024-03-21 16:03:59,"Pull",1h 5m,"Front Raise (Dumbbell)",1,8.0,8,0,0,"",,
2024-03-21 16:03:59,"Pull",1h 5m,"Front Raise (Dumbbell)",2,8.0,9,0,0,,,
2024-03-21 16:03:59,"Pull",1h 5m,"Front Raise (Dumbbell)",3,8.0,9,0,0,,,
2024-03-21 16:03:59,"Pull",1h 5m,"Front Raise (Dumbbell)",4,8.0,8,0,0,,,
2024-03-21 16:03:59,"Pull",1h 5m,"Concentration Curl (Dumbbell)",1,10.0,10,0,0,"",,
2024-03-21 16:03:59,"Pull",1h 5m,"Concentration Curl (Dumbbell)",2,10.0,10,0,0,,,
2024-03-21 16:03:59,"Pull",1h 5m,"Concentration Curl (Dumbbell)",3,10.0,10,0,0,,,
2024-03-23 15:04:33,"Legs",1h 8m,"Seated Leg Curl (Machine)",1,40.5,10,0,0,"","",
2024-03-23 15:04:33,"Legs",1h 8m,"Seated Leg Curl (Machine)",2,40.5,10,0,0,,,
2024-03-23 15:04:33,"Legs",1h 8m,"Seated Leg Curl (Machine)",3,40.5,10,0,0,,,
2024-03-23 15:04:33,"Legs",1h 8m,"Seated Leg Curl (Machine)",4,40.5,10,0,0,,,
2024-03-23 15:04:33,"Legs",1h 8m,"Leg Extension (Machine)",1,59.5,10,0,0,"",,
2024-03-23 15:04:33,"Legs",1h 8m,"Leg Extension (Machine)",2,59.5,10,0,0,,,
2024-03-23 15:04:33,"Legs",1h 8m,"Leg Extension (Machine)",3,59.5,10,0,0,,,
2024-03-23 15:04:33,"Legs",1h 8m,"Leg Extension (Machine)",4,59.5,10,0,0,,,
2024-03-23 15:04:33,"Legs",1h 8m,"Calf Press on Seated Leg Press",1,121.5,10,0,0,"",,
2024-03-23 15:04:33,"Legs",1h 8m,"Calf Press on Seated Leg Press",2,130.5,11,0,0,,,
2024-03-23 15:04:33,"Legs",1h 8m,"Calf Press on Seated Leg Press",3,135.5,11,0,0,,,
2024-03-23 15:04:33,"Legs",1h 8m,"Calf Press on Seated Leg Press",4,135.5,11,0,0,,,
2024-03-23 15:04:33,"Legs",1h 8m,"Squat (Barbell)",1,20.0,12,0,0,"",,
2024-03-23 15:04:33,"Legs",1h 8m,"Squat (Barbell)",2,60.0,10,0,0,,,
2024-03-23 15:04:33,"Legs",1h 8m,"Squat (Barbell)",3,60.0,10,0,0,,,
2024-03-23 15:04:33,"Legs",1h 8m,"Squat (Barbell)",4,60.0,10,0,0,,,
2024-03-23 15:04:33,"Legs",1h 8m,"Squat (Barbell)",5,60.0,9,0,0,,,
2024-03-23 15:04:33,"Legs",1h 8m,"Lunge (Barbell)",1,50.0,4,0,0,"",,
2024-03-23 15:04:33,"Legs",1h 8m,"Lunge (Barbell)",2,40.0,8,0,0,,,
2024-03-23 15:04:33,"Legs",1h 8m,"Lunge (Barbell)",3,40.0,7,0,0,,,
2024-03-23 15:04:33,"Legs",1h 8m,"Lunge (Barbell)",4,40.0,8,0,0,,,
2024-03-25 19:54:48,"Push",1h 5m,"Tricep Kickback",1,7.5,7,0,0,"","",
2024-03-25 19:54:48,"Push",1h 5m,"Tricep Kickback",2,5.0,9,0,0,,,
2024-03-25 19:54:48,"Push",1h 5m,"Tricep Kickback",3,5.0,8,0,0,,,
2024-03-25 19:54:48,"Push",1h 5m,"Skullcrusher (Dumbbell)",1,30.0,10,0,0,"",,
2024-03-25 19:54:48,"Push",1h 5m,"Skullcrusher (Dumbbell)",2,30.0,10,0,0,,,
2024-03-25 19:54:48,"Push",1h 5m,"Skullcrusher (Dumbbell)",3,30.0,8,0,0,,,
2024-03-25 19:54:48,"Push",1h 5m,"Skullcrusher (Dumbbell)",4,30.0,8,0,0,,,
2024-03-25 19:54:48,"Push",1h 5m,"Shoulder Press",1,14.0,10,0,0,"",,
2024-03-25 19:54:48,"Push",1h 5m,"Shoulder Press",2,14.0,10,0,0,,,
2024-03-25 19:54:48,"Push",1h 5m,"Shoulder Press",3,12.0,8,0,0,,,
2024-03-25 19:54:48,"Push",1h 5m,"Shoulder Press",4,12.0,8,0,0,,,
2024-03-25 19:54:48,"Push",1h 5m,"Bench Press (Barbell)",1,20.0,12,0,0,"",,
2024-03-25 19:54:48,"Push",1h 5m,"Bench Press (Barbell)",2,60.0,10,0,0,,,
2024-03-25 19:54:48,"Push",1h 5m,"Bench Press (Barbell)",3,60.0,10,0,0,,,
2024-03-25 19:54:48,"Push",1h 5m,"Bench Press (Barbell)",4,60.0,10,0,0,,,
2024-03-25 19:54:48,"Push",1h 5m,"Bench Press (Barbell)",5,50.0,8,0,0,,,
2024-03-25 19:54:48,"Push",1h 5m,"Bench Press (Barbell)",6,50.0,10,0,0,,,
2024-03-25 19:54:48,"Push",1h 5m,"Cable Two Arm Push Up",1,5.0,10,0,0,"",,
2024-03-25 19:54:48,"Push",1h 5m,"Cable Two Arm Push Up",2,5.0,10,0,0,,,
2024-03-25 19:54:48,"Push",1h 5m,"Cable Two Arm Push Up",3,5.0,10,0,0,,,
2024-03-25 19:54:48,"Push",1h 5m,"Cable Two Arm Push Up",4,5.0,10,0,0,,,
2024-04-06 09:17:14,"Pull",1h 7m,"Bent Over One Arm Row (Dumbbell)",1,20.0,9,0,0,"","",
2024-04-06 09:17:14,"Pull",1h 7m,"Bent Over One Arm Row (Dumbbell)",2,20.0,9,0,0,,,
2024-04-06 09:17:14,"Pull",1h 7m,"Bent Over One Arm Row (Dumbbell)",3,20.0,9,0,0,,,
2024-04-06 09:17:14,"Pull",1h 7m,"Hammer Curl (Dumbbell)",1,12.0,10,0,0,"",,
2024-04-06 09:17:14,"Pull",1h 7m,"Hammer Curl (Dumbbell)",2,12.0,8,0,0,,,
2024-04-06 09:17:14,"Pull",1h 7m,"Hammer Curl (Dumbbell)",3,10.0,10,0,0,,,
2024-04-06 09:17:14,"Pull",1h 7m,"Hammer Curl (Dumbbell)",4,10.0,13,0,0,,,
2024-04-06 09:17:14,"Pull",1h 7m,"Side Bend Extension ",1,14.0,12,0,0,"",,
2024-04-06 09:17:14,"Pull",1h 7m,"Side Bend Extension ",2,14.0,15,0,0,,,
2024-04-06 09:17:14,"Pull",1h 7m,"Side Bend Extension ",3,14.0,15,0,0,,,
2024-04-06 09:17:14,"Pull",1h 7m,"Back Extension",1,5.0,12,0,0,"",,
2024-04-06 09:17:14,"Pull",1h 7m,"Back Extension",2,5.0,12,0,0,,,
2024-04-06 09:17:14,"Pull",1h 7m,"Back Extension",3,5.0,15,0,0,,,
2024-04-06 09:17:14,"Pull",1h 7m,"Lateral Raise (Dumbbell)",1,8.0,8,0,0,"",,
2024-04-06 09:17:14,"Pull",1h 7m,"Lateral Raise (Dumbbell)",2,8.0,8,0,0,,,
2024-04-06 09:17:14,"Pull",1h 7m,"Lateral Raise (Dumbbell)",3,8.0,8,0,0,,,
2024-04-06 09:17:14,"Pull",1h 7m,"Lateral Raise (Dumbbell)",4,6.0,10,0,0,,,
2024-04-06 09:17:14,"Pull",1h 7m,"Front Raise (Dumbbell)",1,8.0,8,0,0,"",,
2024-04-06 09:17:14,"Pull",1h 7m,"Front Raise (Dumbbell)",2,8.0,8,0,0,,,
2024-04-06 09:17:14,"Pull",1h 7m,"Front Raise (Dumbbell)",3,8.0,8,0,0,,,
2024-04-06 09:17:14,"Pull",1h 7m,"Front Raise (Dumbbell)",4,6.0,10,0,0,,,
2024-04-06 09:17:14,"Pull",1h 7m,"Iso-Lateral Row (Machine)",1,40.5,12,0,0,"",,
2024-04-06 09:17:14,"Pull",1h 7m,"Iso-Lateral Row (Machine)",2,58.5,10,0,0,,,
2024-04-06 09:17:14,"Pull",1h 7m,"Iso-Lateral Row (Machine)",3,63.5,10,0,0,,,
2024-04-06 09:17:14,"Pull",1h 7m,"Iso-Lateral Row (Machine)",4,63.5,10,0,0,,,
2024-04-06 09:17:14,"Pull",1h 7m,"Iso-Lateral Row (Machine)",5,68.5,10,0,0,,,
2024-04-08 18:33:23,"Push",59m,"Tricep Kickback",1,5.0,5,0,0,"","",
2024-04-08 18:33:23,"Push",59m,"Tricep Kickback",2,3.75,9,0,0,,,
2024-04-08 18:33:23,"Push",59m,"Tricep Kickback",3,3.75,9,0,0,,,
2024-04-08 18:33:23,"Push",59m,"Tricep Kickback",4,3.75,9,0,0,,,
2024-04-08 18:33:23,"Push",59m,"Skullcrusher (Dumbbell)",1,30.0,10,0,0,"",,
2024-04-08 18:33:23,"Push",59m,"Skullcrusher (Dumbbell)",2,30.0,10,0,0,,,
2024-04-08 18:33:23,"Push",59m,"Skullcrusher (Dumbbell)",3,30.0,10,0,0,,,
2024-04-08 18:33:23,"Push",59m,"Skullcrusher (Dumbbell)",4,30.0,10,0,0,,,
2024-04-08 18:33:23,"Push",59m,"Bench Press (Barbell)",1,20.0,12,0,0,"",,
2024-04-08 18:33:23,"Push",59m,"Bench Press (Barbell)",2,50.0,12,0,0,,,
2024-04-08 18:33:23,"Push",59m,"Bench Press (Barbell)",3,55.0,10,0,0,,,
2024-04-08 18:33:23,"Push",59m,"Bench Press (Barbell)",4,55.0,7,0,0,,,
2024-04-08 18:33:23,"Push",59m,"Bench Press (Barbell)",5,55.0,6,0,0,,,
2024-04-08 18:33:23,"Push",59m,"Bench Press (Barbell)",6,50.0,9,0,0,,,
2024-04-08 18:33:23,"Push",59m,"Shoulder Press",1,14.0,8,0,0,"",,
2024-04-08 18:33:23,"Push",59m,"Shoulder Press",2,14.0,9,0,0,,,
2024-04-08 18:33:23,"Push",59m,"Shoulder Press",3,14.0,8,0,0,,,
2024-04-08 18:33:23,"Push",59m,"Shoulder Press",4,12.0,9,0,0,,,
2024-04-10 15:51:02,"Pull",52m,"Bent Over One Arm Row (Dumbbell)",1,22.0,10,0,0,"","",
2024-04-10 15:51:02,"Pull",52m,"Bent Over One Arm Row (Dumbbell)",2,22.0,10,0,0,,,
2024-04-10 15:51:02,"Pull",52m,"Bent Over One Arm Row (Dumbbell)",3,22.0,10,0,0,,,
2024-04-10 15:51:02,"Pull",52m,"Bent Over One Arm Row (Dumbbell)",4,22.0,9,0,0,,,
2024-04-10 15:51:02,"Pull",52m,"Hammer Curl (Dumbbell)",1,12.0,10,0,0,"",,
2024-04-10 15:51:02,"Pull",52m,"Hammer Curl (Dumbbell)",2,12.0,10,0,0,,,
2024-04-10 15:51:02,"Pull",52m,"Hammer Curl (Dumbbell)",3,12.0,8,0,0,,,
2024-04-10 15:51:02,"Pull",52m,"Back Extension",1,5.0,15,0,0,"",,
2024-04-10 15:51:02,"Pull",52m,"Back Extension",2,5.0,15,0,0,,,
2024-04-10 15:51:02,"Pull",52m,"Back Extension",3,5.0,15,0,0,,,
2024-04-10 15:51:02,"Pull",52m,"Side Bend Extension ",1,14.0,15,0,0,"",,
2024-04-10 15:51:02,"Pull",52m,"Side Bend Extension ",2,14.0,15,0,0,,,
2024-04-10 15:51:02,"Pull",52m,"Side Bend Extension ",3,14.0,15,0,0,,,
2024-04-10 15:51:02,"Pull",52m,"Lateral Raise (Dumbbell)",1,8.0,8,0,0,"",,
2024-04-10 15:51:02,"Pull",52m,"Lateral Raise (Dumbbell)",2,8.0,8,0,0,,,
2024-04-10 15:51:02,"Pull",52m,"Lateral Raise (Dumbbell)",3,8.0,8,0,0,,,
2024-04-10 15:51:02,"Pull",52m,"Front Raise (Dumbbell)",1,8.0,8,0,0,"",,
2024-04-10 15:51:02,"Pull",52m,"Front Raise (Dumbbell)",2,8.0,8,0,0,,,
2024-04-10 15:51:02,"Pull",52m,"Front Raise (Dumbbell)",3,8.0,8,0,0,,,
2024-04-10 15:51:02,"Pull",52m,"Front Raise (Dumbbell)",4,6.0,10,0,0,,,
2024-04-10 15:51:02,"Pull",52m,"Cable One Arm Pull",1,5.0,10,0,0,"",,
2024-04-10 15:51:02,"Pull",52m,"Cable One Arm Pull",2,7.5,8,0,0,,,
2024-04-10 15:51:02,"Pull",52m,"Cable One Arm Pull",3,7.5,9,0,0,,,
2024-04-12 16:37:59,"Legs",58m,"Seated Leg Curl (Machine)",1,40.5,10,0,0,"","",
2024-04-12 16:37:59,"Legs",58m,"Seated Leg Curl (Machine)",2,45.5,11,0,0,,,
2024-04-12 16:37:59,"Legs",58m,"Seated Leg Curl (Machine)",3,45.5,10,0,0,,,
2024-04-12 16:37:59,"Legs",58m,"Leg Extension (Machine)",1,49.5,10,0,0,"",,
2024-04-12 16:37:59,"Legs",58m,"Leg Extension (Machine)",2,58.5,10,0,0,,,
2024-04-12 16:37:59,"Legs",58m,"Leg Extension (Machine)",3,58.5,10,0,0,,,
2024-04-12 16:37:59,"Legs",58m,"Leg Extension (Machine)",4,58.5,10,0,0,,,
2024-04-12 16:37:59,"Legs",58m,"Squat (Barbell)",1,20.0,12,0,0,"",,
2024-04-12 16:37:59,"Legs",58m,"Squat (Barbell)",2,60.0,10,0,0,,,
2024-04-12 16:37:59,"Legs",58m,"Squat (Barbell)",3,65.0,10,0,0,,,
2024-04-12 16:37:59,"Legs",58m,"Squat (Barbell)",4,65.0,10,0,0,,,
2024-04-12 16:37:59,"Legs",58m,"Squat (Barbell)",5,65.0,8,0,0,,,
2024-04-12 16:37:59,"Legs",58m,"Hip Abductor (Machine)",1,40.5,12,0,0,"",,
2024-04-12 16:37:59,"Legs",58m,"Hip Abductor (Machine)",2,58.5,11,0,0,,,
2024-04-12 16:37:59,"Legs",58m,"Hip Abductor (Machine)",3,58.5,11,0,0,,,
2024-04-12 16:37:59,"Legs",58m,"Hip Abductor (Machine)",4,58.5,10,0,0,,,
2024-04-12 16:37:59,"Legs",58m,"Hip Adductor (Machine)",1,40.5,11,0,0,"",,
2024-04-12 16:37:59,"Legs",58m,"Hip Adductor (Machine)",2,55.5,10,0,0,,,
2024-04-12 16:37:59,"Legs",58m,"Hip Adductor (Machine)",3,55.5,12,0,0,,,
2024-04-15 18:58:43,"Push",1h 6m,"Tricep Kickback",1,7.5,8,0,0,"","",
2024-04-15 18:58:43,"Push",1h 6m,"Tricep Kickback",2,5.0,10,0,0,,,
2024-04-15 18:58:43,"Push",1h 6m,"Tricep Kickback",3,5.0,8,0,0,,,
2024-04-15 18:58:43,"Push",1h 6m,"Bench Press (Barbell)",1,20.0,13,0,0,"",,
2024-04-15 18:58:43,"Push",1h 6m,"Bench Press (Barbell)",2,50.0,10,0,0,,,
2024-04-15 18:58:43,"Push",1h 6m,"Bench Press (Barbell)",3,60.0,8,0,0,,,
2024-04-15 18:58:43,"Push",1h 6m,"Bench Press (Barbell)",4,60.0,5,0,0,,,
2024-04-15 18:58:43,"Push",1h 6m,"Bench Press (Barbell)",5,50.0,10,0,0,,,
2024-04-15 18:58:43,"Push",1h 6m,"Bench Press (Barbell)",6,50.0,10,0,0,,,
2024-04-15 18:58:43,"Push",1h 6m,"Shoulder Press",1,12.0,10,0,0,"",,
2024-04-15 18:58:43,"Push",1h 6m,"Shoulder Press",2,12.0,9,0,0,,,
2024-04-15 18:58:43,"Push",1h 6m,"Shoulder Press",3,12.0,8,0,0,,,
2024-04-15 18:58:43,"Push",1h 6m,"Overhead Press (Barbell)",1,20.0,10,0,0,"",,
2024-04-15 18:58:43,"Push",1h 6m,"Overhead Press (Barbell)",2,30.0,7,0,0,,,
2024-04-15 18:58:43,"Push",1h 6m,"Overhead Press (Barbell)",3,30.0,7,0,0,,,
2024-04-15 18:58:43,"Push",1h 6m,"Overhead Press (Barbell)",4,30.0,5,0,0,,,
2024-04-15 18:58:43,"Push",1h 6m,"Cable One Arm Push",1,7.5,10,0,0,"",,
2024-04-15 18:58:43,"Push",1h 6m,"Cable One Arm Push",2,7.5,10,0,0,,,
2024-04-15 18:58:43,"Push",1h 6m,"Cable One Arm Push",3,7.5,10,0,0,,,
2024-04-17 13:11:19,"Pull",1h 6m,"Bent Over One Arm Row (Dumbbell)",1,22.0,9,0,0,"","",
2024-04-17 13:11:19,"Pull",1h 6m,"Bent Over One Arm Row (Dumbbell)",2,22.0,9,0,0,,,
2024-04-17 13:11:19,"Pull",1h 6m,"Bent Over One Arm Row (Dumbbell)",3,20.0,10,0,0,,,
2024-04-17 13:11:19,"Pull",1h 6m,"Hammer Curl (Dumbbell)",1,12.0,6,0,0,"",,
2024-04-17 13:11:19,"Pull",1h 6m,"Hammer Curl (Dumbbell)",2,8.0,9,0,0,,,
2024-04-17 13:11:19,"Pull",1h 6m,"Hammer Curl (Dumbbell)",3,8.0,9,0,0,,,
2024-04-17 13:11:19,"Pull",1h 6m,"Lateral Raise (Dumbbell)",1,8.0,8,0,0,"",,
2024-04-17 13:11:19,"Pull",1h 6m,"Lateral Raise (Dumbbell)",2,8.0,8,0,0,,,
2024-04-17 13:11:19,"Pull",1h 6m,"Lateral Raise (Dumbbell)",3,8.0,9,0,0,,,
2024-04-17 13:11:19,"Pull",1h 6m,"Lateral Raise (Dumbbell)",4,8.0,9,0,0,,,
2024-04-17 13:11:19,"Pull",1h 6m,"Front Raise (Dumbbell)",1,8.0,8,0,0,"",,
2024-04-17 13:11:19,"Pull",1h 6m,"Front Raise (Dumbbell)",2,8.0,8,0,0,,,
2024-04-17 13:11:19,"Pull",1h 6m,"Front Raise (Dumbbell)",3,6.0,9,0,0,,,
2024-04-17 13:11:19,"Pull",1h 6m,"Front Raise (Dumbbell)",4,6.0,9,0,0,,,
2024-04-17 13:11:19,"Pull",1h 6m,"Plates Isolateral Row",1,20.0,12,0,0,"",,
2024-04-17 13:11:19,"Pull",1h 6m,"Plates Isolateral Row",2,40.0,13,0,0,,,
2024-04-17 13:11:19,"Pull",1h 6m,"Plates Isolateral Row",3,70.0,9,0,0,,,
2024-04-17 13:11:19,"Pull",1h 6m,"Plates Isolateral Row",4,70.0,8,0,0,,,
2024-04-17 13:11:19,"Pull",1h 6m,"Plates Isolateral Row",5,70.0,8,0,0,,,
2024-04-17 13:11:19,"Pull",1h 6m,"Lat Pulldown (Machine)",1,45.0,14,0,0,"",,
2024-04-17 13:11:19,"Pull",1h 6m,"Lat Pulldown (Machine)",2,85.0,9,0,0,,,
2024-04-17 13:11:19,"Pull",1h 6m,"Lat Pulldown (Machine)",3,75.0,10,0,0,,,
2024-04-17 13:11:19,"Pull",1h 6m,"Concentration Curl (Dumbbell)",1,10.0,10,0,0,"",,
2024-04-17 13:11:19,"Pull",1h 6m,"Concentration Curl (Dumbbell)",2,10.0,12,0,0,,,
2024-04-17 13:11:19,"Pull",1h 6m,"Concentration Curl (Dumbbell)",3,10.0,9,0,0,,,
2024-04-19 14:04:37,"Legs",56m,"Leg Extension (Machine)",1,60.0,8,0,0,"","",
2024-04-19 14:04:37,"Legs",56m,"Leg Extension (Machine)",2,55.0,8,0,0,,,
2024-04-19 14:04:37,"Legs",56m,"Leg Extension (Machine)",3,55.0,8,0,0,,,
2024-04-19 14:04:37,"Legs",56m,"Leg Extension (Machine)",4,55.0,8,0,0,,,
2024-04-19 14:04:37,"Legs",56m,"Squat (Barbell)",1,20.0,12,0,0,"",,
2024-04-19 14:04:37,"Legs",56m,"Squat (Barbell)",2,50.0,11,0,0,,,
2024-04-19 14:04:37,"Legs",56m,"Squat (Barbell)",3,60.0,12,0,0,,,
2024-04-19 14:04:37,"Legs",56m,"Squat (Barbell)",4,70.0,8,0,0,,,
2024-04-19 14:04:37,"Legs",56m,"Hip Abductor (Machine)",1,50.0,8,0,0,"",,
2024-04-19 14:04:37,"Legs",56m,"Hip Thrust (Barbell)",1,40.0,10,0,0,"",,
2024-04-19 14:04:37,"Legs",56m,"Hip Thrust (Barbell)",2,50.0,12,0,0,,,
2024-04-19 14:04:37,"Legs",56m,"Hip Thrust (Barbell)",3,50.0,11,0,0,,,
2024-04-22 18:52:45,"Push",59m,"Tricep Kickback",1,7.5,8,0,0,"","",
2024-04-22 18:52:45,"Push",59m,"Cable One Arm Push",1,7.5,10,0,0,"",,
2024-04-22 18:52:45,"Push",59m,"Cable One Arm Push",2,7.5,10,0,0,,,
2024-04-22 18:52:45,"Push",59m,"Cable One Arm Push",3,7.5,8,0,0,,,
2024-04-22 18:52:45,"Push",59m,"Cable One Arm Push",4,5.0,10,0,0,,,
2024-04-22 18:52:45,"Push",59m,"Incline Bench Press (Dumbbell)",1,20.0,10,0,0,"",,
2024-04-22 18:52:45,"Push",59m,"Incline Bench Press (Dumbbell)",2,20.0,10,0,0,,,
2024-04-22 18:52:45,"Push",59m,"Incline Bench Press (Dumbbell)",3,20.0,10,0,0,,,
2024-04-22 18:52:45,"Push",59m,"Incline Bench Press (Dumbbell)",4,20.0,9,0,0,,,
2024-04-22 18:52:45,"Push",59m,"Shoulder Press",1,14.0,8,0,0,"",,
2024-04-22 18:52:45,"Push",59m,"Shoulder Press",2,14.0,9,0,0,,,
2024-04-22 18:52:45,"Push",59m,"Shoulder Press",3,14.0,8,0,0,,,
2024-04-22 18:52:45,"Push",59m,"Shoulder Press",4,14.0,8,0,0,,,
2024-04-22 18:52:45,"Push",59m,"Skullcrusher (Dumbbell)",1,30.0,10,0,0,"",,
2024-04-22 18:52:45,"Push",59m,"Skullcrusher (Dumbbell)",2,30.0,10,0,0,,,
2024-04-22 18:52:45,"Push",59m,"Skullcrusher (Dumbbell)",3,30.0,10,0,0,,,
2024-04-22 18:52:45,"Push",59m,"Skullcrusher (Dumbbell)",4,30.0,10,0,0,,,
2024-04-22 18:52:45,"Push",59m,"Triceps Extension",1,15.0,10,0,0,"",,
2024-04-22 18:52:45,"Push",59m,"Triceps Extension",2,15.0,9,0,0,,,
2024-04-22 18:52:45,"Push",59m,"Triceps Extension",3,12.5,10,0,0,,,
2024-04-24 16:40:35,"Pull",1h 4m,"Bent Over One Arm Row (Dumbbell)",1,22.0,10,0,0,"","",
2024-04-24 16:40:35,"Pull",1h 4m,"Bent Over One Arm Row (Dumbbell)",2,22.0,10,0,0,,,
2024-04-24 16:40:35,"Pull",1h 4m,"Bent Over One Arm Row (Dumbbell)",3,20.0,10,0,0,,,
2024-04-24 16:40:35,"Pull",1h 4m,"Bent Over One Arm Row (Dumbbell)",4,20.0,10,0,0,,,
2024-04-24 16:40:35,"Pull",1h 4m,"Hammer Curl (Dumbbell)",1,10.0,10,0,0,"",,
2024-04-24 16:40:35,"Pull",1h 4m,"Hammer Curl (Dumbbell)",2,10.0,10,0,0,,,
2024-04-24 16:40:35,"Pull",1h 4m,"Hammer Curl (Dumbbell)",3,10.0,10,0,0,,,
2024-04-24 16:40:35,"Pull",1h 4m,"Back Extension",1,10.0,10,0,0,"",,
2024-04-24 16:40:35,"Pull",1h 4m,"Back Extension",2,10.0,12,0,0,,,
2024-04-24 16:40:35,"Pull",1h 4m,"Back Extension",3,10.0,12,0,0,,,
2024-04-24 16:40:35,"Pull",1h 4m,"Back Extension",4,10.0,12,0,0,,,
2024-04-24 16:40:35,"Pull",1h 4m,"Side Bend Extension ",1,14.0,15,0,0,"",,
2024-04-24 16:40:35,"Pull",1h 4m,"Side Bend Extension ",2,14.0,15,0,0,,,
2024-04-24 16:40:35,"Pull",1h 4m,"Side Bend Extension ",3,14.0,15,0,0,,,
2024-04-24 16:40:35,"Pull",1h 4m,"Side Bend Extension ",4,14.0,15,0,0,,,
2024-04-24 16:40:35,"Pull",1h 4m,"Lateral Raise (Dumbbell)",1,7.0,8,0,0,"",,
2024-04-24 16:40:35,"Pull",1h 4m,"Lateral Raise (Dumbbell)",2,7.0,8,0,0,,,
2024-04-24 16:40:35,"Pull",1h 4m,"Lateral Raise (Dumbbell)",3,7.0,8,0,0,,,
2024-04-24 16:40:35,"Pull",1h 4m,"Front Raise (Dumbbell)",1,7.0,8,0,0,"",,
2024-04-24 16:40:35,"Pull",1h 4m,"Front Raise (Dumbbell)",2,7.0,8,0,0,,,
2024-04-24 16:40:35,"Pull",1h 4m,"Front Raise (Dumbbell)",3,7.0,8,0,0,,,
2024-04-24 16:40:35,"Pull",1h 4m,"Reverse Fly (Machine)",1,36.5,11,0,0,"",,
2024-04-24 16:40:35,"Pull",1h 4m,"Reverse Fly (Machine)",2,42.5,15,0,0,,,
2024-04-24 16:40:35,"Pull",1h 4m,"Reverse Fly (Machine)",3,45.5,12,0,0,,,
2024-04-24 16:40:35,"Pull",1h 4m,"Reverse Fly (Machine)",4,45.5,10,0,0,,,
